run_id,plan_id,unique_full_op_id,full_op_id,logical_op_id,physical_op_id,op_name,obs_index,record_id,quality,cost_per_record,time_per_record,passed_operator,model_name,total_input_tokens,total_output_tokens,total_input_cost,total_output_cost,total_llm_calls,total_embedding_llm_calls,llm_call_duration_secs,fn_call_duration_secs,failed_convert,error_type,record_parent_ids,record_source_indices
cuad-final-mab-k6-j4-budget50-seed42,3e74ce28ed,0-022b755afd-f987dae6bd,022b755afd-f987dae6bd,022b755afd,f987dae6bd,MarshalAndScanDataOp,0,b176a0dba7,,0.0,2.384185791015625e-07,True,,0.0,0.0,0.0,0.0,0,0,0.0,0.0,,,,"[""cuad-95""]"
cuad-final-mab-k6-j4-budget50-seed42,3e74ce28ed,0-022b755afd-f987dae6bd,022b755afd-f987dae6bd,022b755afd,f987dae6bd,MarshalAndScanDataOp,1,f93bb677c2,,0.0,2.384185791015625e-07,True,,0.0,0.0,0.0,0.0,0,0,0.0,0.0,,,,"[""cuad-84""]"
cuad-final-mab-k6-j4-budget50-seed42,3e74ce28ed,0-022b755afd-f987dae6bd,022b755afd-f987dae6bd,022b755afd,f987dae6bd,MarshalAndScanDataOp,2,9775516931,,0.0,2.384185791015625e-07,True,,0.0,0.0,0.0,0.0,0,0,0.0,0.0,,,,"[""cuad-80""]"
cuad-final-mab-k6-j4-budget50-seed42,3e74ce28ed,0-022b755afd-f987dae6bd,022b755afd-f987dae6bd,022b755afd,f987dae6bd,MarshalAndScanDataOp,3,fd32904239,,0.0,4.76837158203125e-07,True,,0.0,0.0,0.0,0.0,0,0,0.0,0.0,,,,"[""cuad-32""]"
cuad-final-mab-k6-j4-budget50-seed42,3e74ce28ed,0-022b755afd-f987dae6bd,022b755afd-f987dae6bd,022b755afd,f987dae6bd,MarshalAndScanDataOp,4,ecd047222c,,0.0,2.384185791015625e-07,True,,0.0,0.0,0.0,0.0,0,0,0.0,0.0,,,,"[""cuad-78""]"
cuad-final-mab-k6-j4-budget50-seed42,3e74ce28ed,0-022b755afd-f987dae6bd,022b755afd-f987dae6bd,022b755afd,f987dae6bd,MarshalAndScanDataOp,5,255802db76,,0.0,9.5367431640625e-07,True,,0.0,0.0,0.0,0.0,0,0,0.0,0.0,,,,"[""cuad-3""]"
cuad-final-mab-k6-j4-budget50-seed42,3e74ce28ed,0-022b755afd-f987dae6bd,022b755afd-f987dae6bd,022b755afd,f987dae6bd,MarshalAndScanDataOp,6,abe2cf40a0,,0.0,4.76837158203125e-07,True,,0.0,0.0,0.0,0.0,0,0,0.0,0.0,,,,"[""cuad-68""]"
cuad-final-mab-k6-j4-budget50-seed42,3e74ce28ed,0-022b755afd-f987dae6bd,022b755afd-f987dae6bd,022b755afd,f987dae6bd,MarshalAndScanDataOp,7,985036f287,,0.0,4.76837158203125e-07,True,,0.0,0.0,0.0,0.0,0,0,0.0,0.0,,,,"[""cuad-43""]"
cuad-final-mab-k6-j4-budget50-seed42,3e74ce28ed,0-022b755afd-f987dae6bd,022b755afd-f987dae6bd,022b755afd,f987dae6bd,MarshalAndScanDataOp,8,bf2ec5829a,,0.0,2.384185791015625e-07,True,,0.0,0.0,0.0,0.0,0,0,0.0,0.0,,,,"[""cuad-76""]"
cuad-final-mab-k6-j4-budget50-seed42,3e74ce28ed,0-022b755afd-f987dae6bd,022b755afd-f987dae6bd,022b755afd,f987dae6bd,MarshalAndScanDataOp,9,3d4e2d4fa0,,0.0,4.76837158203125e-07,True,,0.0,0.0,0.0,0.0,0,0,0.0,0.0,,,,"[""cuad-35""]"
cuad-final-mab-k6-j4-budget50-seed42,3e74ce28ed,0-022b755afd-f987dae6bd,022b755afd-f987dae6bd,022b755afd,f987dae6bd,MarshalAndScanDataOp,10,a34b527b9c,,0.0,2.384185791015625e-07,True,,0.0,0.0,0.0,0.0,0,0,0.0,0.0,,,,"[""cuad-94""]"
cuad-final-mab-k6-j4-budget50-seed42,3e74ce28ed,0-022b755afd-f987dae6bd,022b755afd-f987dae6bd,022b755afd,f987dae6bd,MarshalAndScanDataOp,11,5cae385ee7,,0.0,4.76837158203125e-07,True,,0.0,0.0,0.0,0.0,0,0,0.0,0.0,,,,"[""cuad-39""]"
cuad-final-mab-k6-j4-budget50-seed42,3e74ce28ed,0-022b755afd-f987dae6bd,022b755afd-f987dae6bd,022b755afd,f987dae6bd,MarshalAndScanDataOp,12,3966230a08,,0.0,9.5367431640625e-07,True,,0.0,0.0,0.0,0.0,0,0,0.0,0.0,,,,"[""cuad-21""]"
cuad-final-mab-k6-j4-budget50-seed42,3e74ce28ed,0-022b755afd-f987dae6bd,022b755afd-f987dae6bd,022b755afd,f987dae6bd,MarshalAndScanDataOp,13,c86b946e38,,0.0,4.76837158203125e-07,True,,0.0,0.0,0.0,0.0,0,0,0.0,0.0,,,,"[""cuad-90""]"
cuad-final-mab-k6-j4-budget50-seed42,3e74ce28ed,0-022b755afd-f987dae6bd,022b755afd-f987dae6bd,022b755afd,f987dae6bd,MarshalAndScanDataOp,14,5b0c4e1c62,,0.0,2.384185791015625e-07,True,,0.0,0.0,0.0,0.0,0,0,0.0,0.0,,,,"[""cuad-67""]"
cuad-final-mab-k6-j4-budget50-seed42,3e74ce28ed,0-022b755afd-f987dae6bd,022b755afd-f987dae6bd,022b755afd,f987dae6bd,MarshalAndScanDataOp,15,7ddab4003e,,0.0,4.76837158203125e-07,True,,0.0,0.0,0.0,0.0,0,0,0.0,0.0,,,,"[""cuad-23""]"
cuad-final-mab-k6-j4-budget50-seed42,3e74ce28ed,0-022b755afd-f987dae6bd,022b755afd-f987dae6bd,022b755afd,f987dae6bd,MarshalAndScanDataOp,16,71caf301d9,,0.0,4.76837158203125e-07,True,,0.0,0.0,0.0,0.0,0,0,0.0,0.0,,,,"[""cuad-46""]"
cuad-final-mab-k6-j4-budget50-seed42,3e74ce28ed,0-022b755afd-f987dae6bd,022b755afd-f987dae6bd,022b755afd,f987dae6bd,MarshalAndScanDataOp,17,c8d21e49ed,,0.0,4.76837158203125e-07,True,,0.0,0.0,0.0,0.0,0,0,0.0,0.0,,,,"[""cuad-72""]"
cuad-final-mab-k6-j4-budget50-seed42,3e74ce28ed,0-022b755afd-f987dae6bd,022b755afd-f987dae6bd,022b755afd,f987dae6bd,MarshalAndScanDataOp,18,b44eb790a1,,0.0,2.384185791015625e-07,True,,0.0,0.0,0.0,0.0,0,0,0.0,0.0,,,,"[""cuad-42""]"
cuad-final-mab-k6-j4-budget50-seed42,3e74ce28ed,0-022b755afd-f987dae6bd,022b755afd-f987dae6bd,022b755afd,f987dae6bd,MarshalAndScanDataOp,19,b1c941e16f,,0.0,2.384185791015625e-07,True,,0.0,0.0,0.0,0.0,0,0,0.0,0.0,,,,"[""cuad-37""]"
cuad-final-mab-k6-j4-budget50-seed42,3e74ce28ed,0-022b755afd-f987dae6bd,022b755afd-f987dae6bd,022b755afd,f987dae6bd,MarshalAndScanDataOp,20,3611537fff,,0.0,4.76837158203125e-07,True,,0.0,0.0,0.0,0.0,0,0,0.0,0.0,,,,"[""cuad-85""]"
cuad-final-mab-k6-j4-budget50-seed42,3e74ce28ed,0-022b755afd-f987dae6bd,022b755afd-f987dae6bd,022b755afd,f987dae6bd,MarshalAndScanDataOp,21,2c1edb5b31,,0.0,2.384185791015625e-07,True,,0.0,0.0,0.0,0.0,0,0,0.0,0.0,,,,"[""cuad-77""]"
cuad-final-mab-k6-j4-budget50-seed42,3e74ce28ed,0-022b755afd-f987dae6bd,022b755afd-f987dae6bd,022b755afd,f987dae6bd,MarshalAndScanDataOp,22,be92effece,,0.0,4.76837158203125e-07,True,,0.0,0.0,0.0,0.0,0,0,0.0,0.0,,,,"[""cuad-71""]"
cuad-final-mab-k6-j4-budget50-seed42,3e74ce28ed,0-022b755afd-f987dae6bd,022b755afd-f987dae6bd,022b755afd,f987dae6bd,MarshalAndScanDataOp,23,aab27437c3,,0.0,2.384185791015625e-07,True,,0.0,0.0,0.0,0.0,0,0,0.0,0.0,,,,"[""cuad-75""]"
cuad-final-mab-k6-j4-budget50-seed42,3e74ce28ed,0-022b755afd-f987dae6bd,022b755afd-f987dae6bd,022b755afd,f987dae6bd,MarshalAndScanDataOp,24,2ed8504b8a,,0.0,2.384185791015625e-07,True,,0.0,0.0,0.0,0.0,0,0,0.0,0.0,,,,"[""cuad-98""]"
cuad-final-mab-k6-j4-budget50-seed42,3e74ce28ed,0-022b755afd-f987dae6bd,022b755afd-f987dae6bd,022b755afd,f987dae6bd,MarshalAndScanDataOp,25,354db1c09b,,0.0,2.384185791015625e-07,True,,0.0,0.0,0.0,0.0,0,0,0.0,0.0,,,,"[""cuad-50""]"
cuad-final-mab-k6-j4-budget50-seed42,3e74ce28ed,0-022b755afd-f987dae6bd,022b755afd-f987dae6bd,022b755afd,f987dae6bd,MarshalAndScanDataOp,26,aff172e2c5,,0.0,7.152557373046875e-07,True,,0.0,0.0,0.0,0.0,0,0,0.0,0.0,,,,"[""cuad-48""]"
cuad-final-mab-k6-j4-budget50-seed42,3e74ce28ed,0-022b755afd-f987dae6bd,022b755afd-f987dae6bd,022b755afd,f987dae6bd,MarshalAndScanDataOp,27,90c953f5c6,,0.0,2.384185791015625e-07,True,,0.0,0.0,0.0,0.0,0,0,0.0,0.0,,,,"[""cuad-36""]"
cuad-final-mab-k6-j4-budget50-seed42,3e74ce28ed,0-022b755afd-f987dae6bd,022b755afd-f987dae6bd,022b755afd,f987dae6bd,MarshalAndScanDataOp,28,6b6edf37be,,0.0,7.152557373046875e-07,True,,0.0,0.0,0.0,0.0,0,0,0.0,0.0,,,,"[""cuad-2""]"
cuad-final-mab-k6-j4-budget50-seed42,3e74ce28ed,0-022b755afd-f987dae6bd,022b755afd-f987dae6bd,022b755afd,f987dae6bd,MarshalAndScanDataOp,29,87ee237e90,,0.0,2.384185791015625e-07,True,,0.0,0.0,0.0,0.0,0,0,0.0,0.0,,,,"[""cuad-86""]"
cuad-final-mab-k6-j4-budget50-seed42,3e74ce28ed,0-022b755afd-f987dae6bd,022b755afd-f987dae6bd,022b755afd,f987dae6bd,MarshalAndScanDataOp,30,20898b20c7,,0.0,4.76837158203125e-07,True,,0.0,0.0,0.0,0.0,0,0,0.0,0.0,,,,"[""cuad-7""]"
cuad-final-mab-k6-j4-budget50-seed42,3e74ce28ed,0-022b755afd-f987dae6bd,022b755afd-f987dae6bd,022b755afd,f987dae6bd,MarshalAndScanDataOp,31,c09b4965e2,,0.0,2.384185791015625e-07,True,,0.0,0.0,0.0,0.0,0,0,0.0,0.0,,,,"[""cuad-30""]"
cuad-final-mab-k6-j4-budget50-seed42,3e74ce28ed,0-022b755afd-f987dae6bd,022b755afd-f987dae6bd,022b755afd,f987dae6bd,MarshalAndScanDataOp,32,71bacab373,,0.0,2.384185791015625e-07,True,,0.0,0.0,0.0,0.0,0,0,0.0,0.0,,,,"[""cuad-25""]"
cuad-final-mab-k6-j4-budget50-seed42,3e74ce28ed,0-022b755afd-f987dae6bd,022b755afd-f987dae6bd,022b755afd,f987dae6bd,MarshalAndScanDataOp,33,380c3cb459,,0.0,7.152557373046875e-07,True,,0.0,0.0,0.0,0.0,0,0,0.0,0.0,,,,"[""cuad-59""]"
cuad-final-mab-k6-j4-budget50-seed42,3e74ce28ed,0-022b755afd-f987dae6bd,022b755afd-f987dae6bd,022b755afd,f987dae6bd,MarshalAndScanDataOp,34,75658233c4,,0.0,4.76837158203125e-07,True,,0.0,0.0,0.0,0.0,0,0,0.0,0.0,,,,"[""cuad-82""]"
cuad-final-mab-k6-j4-budget50-seed42,3e74ce28ed,0-022b755afd-f987dae6bd,022b755afd-f987dae6bd,022b755afd,f987dae6bd,MarshalAndScanDataOp,35,78d0181b9f,,0.0,2.384185791015625e-07,True,,0.0,0.0,0.0,0.0,0,0,0.0,0.0,,,,"[""cuad-60""]"
cuad-final-mab-k6-j4-budget50-seed42,3e74ce28ed,0-022b755afd-f987dae6bd,022b755afd-f987dae6bd,022b755afd,f987dae6bd,MarshalAndScanDataOp,36,debd7cdff3,,0.0,4.76837158203125e-07,True,,0.0,0.0,0.0,0.0,0,0,0.0,0.0,,,,"[""cuad-58""]"
cuad-final-mab-k6-j4-budget50-seed42,3e74ce28ed,0-022b755afd-f987dae6bd,022b755afd-f987dae6bd,022b755afd,f987dae6bd,MarshalAndScanDataOp,37,b217a4210e,,0.0,7.152557373046875e-07,True,,0.0,0.0,0.0,0.0,0,0,0.0,0.0,,,,"[""cuad-22""]"
cuad-final-mab-k6-j4-budget50-seed42,3e74ce28ed,0-022b755afd-f987dae6bd,022b755afd-f987dae6bd,022b755afd,f987dae6bd,MarshalAndScanDataOp,38,6baa826979,,0.0,4.76837158203125e-07,True,,0.0,0.0,0.0,0.0,0,0,0.0,0.0,,,,"[""cuad-28""]"
cuad-final-mab-k6-j4-budget50-seed42,3e74ce28ed,0-022b755afd-f987dae6bd,022b755afd-f987dae6bd,022b755afd,f987dae6bd,MarshalAndScanDataOp,39,30dd551a16,,0.0,1.430511474609375e-06,True,,0.0,0.0,0.0,0.0,0,0,0.0,0.0,,,,"[""cuad-15""]"
cuad-final-mab-k6-j4-budget50-seed42,3e74ce28ed,0-022b755afd-f987dae6bd,022b755afd-f987dae6bd,022b755afd,f987dae6bd,MarshalAndScanDataOp,40,b1845cba29,,0.0,2.384185791015625e-07,True,,0.0,0.0,0.0,0.0,0,0,0.0,0.0,,,,"[""cuad-27""]"
cuad-final-mab-k6-j4-budget50-seed42,3e74ce28ed,0-022b755afd-f987dae6bd,022b755afd-f987dae6bd,022b755afd,f987dae6bd,MarshalAndScanDataOp,41,0d88534bd5,,0.0,2.384185791015625e-07,True,,0.0,0.0,0.0,0.0,0,0,0.0,0.0,,,,"[""cuad-24""]"
cuad-final-mab-k6-j4-budget50-seed42,3e74ce28ed,0-022b755afd-f987dae6bd,022b755afd-f987dae6bd,022b755afd,f987dae6bd,MarshalAndScanDataOp,42,89d1c1f5b5,,0.0,2.384185791015625e-07,True,,0.0,0.0,0.0,0.0,0,0,0.0,0.0,,,,"[""cuad-88""]"
cuad-final-mab-k6-j4-budget50-seed42,3e74ce28ed,0-022b755afd-f987dae6bd,022b755afd-f987dae6bd,022b755afd,f987dae6bd,MarshalAndScanDataOp,43,de533e4a54,,0.0,2.384185791015625e-07,True,,0.0,0.0,0.0,0.0,0,0,0.0,0.0,,,,"[""cuad-97""]"
cuad-final-mab-k6-j4-budget50-seed42,3e74ce28ed,0-022b755afd-f987dae6bd,022b755afd-f987dae6bd,022b755afd,f987dae6bd,MarshalAndScanDataOp,44,cde05a028f,,0.0,2.384185791015625e-07,True,,0.0,0.0,0.0,0.0,0,0,0.0,0.0,,,,"[""cuad-99""]"
cuad-final-mab-k6-j4-budget50-seed42,3e74ce28ed,0-022b755afd-f987dae6bd,022b755afd-f987dae6bd,022b755afd,f987dae6bd,MarshalAndScanDataOp,45,e5daf73b10,,0.0,2.384185791015625e-07,True,,0.0,0.0,0.0,0.0,0,0,0.0,0.0,,,,"[""cuad-11""]"
cuad-final-mab-k6-j4-budget50-seed42,3e74ce28ed,0-022b755afd-f987dae6bd,022b755afd-f987dae6bd,022b755afd,f987dae6bd,MarshalAndScanDataOp,46,4740f75a9f,,0.0,2.384185791015625e-07,True,,0.0,0.0,0.0,0.0,0,0,0.0,0.0,,,,"[""cuad-16""]"
cuad-final-mab-k6-j4-budget50-seed42,3e74ce28ed,0-022b755afd-f987dae6bd,022b755afd-f987dae6bd,022b755afd,f987dae6bd,MarshalAndScanDataOp,47,bb82c30c4b,,0.0,4.76837158203125e-07,True,,0.0,0.0,0.0,0.0,0,0,0.0,0.0,,,,"[""cuad-29""]"
cuad-final-mab-k6-j4-budget50-seed42,3e74ce28ed,0-022b755afd-f987dae6bd,022b755afd-f987dae6bd,022b755afd,f987dae6bd,MarshalAndScanDataOp,48,2c26b02bbd,,0.0,2.384185791015625e-07,True,,0.0,0.0,0.0,0.0,0,0,0.0,0.0,,,,"[""cuad-56""]"
cuad-final-mab-k6-j4-budget50-seed42,3e74ce28ed,0-022b755afd-f987dae6bd,022b755afd-f987dae6bd,022b755afd,f987dae6bd,MarshalAndScanDataOp,49,38207b99d9,,0.0,4.76837158203125e-07,True,,0.0,0.0,0.0,0.0,0,0,0.0,0.0,,,,"[""cuad-83""]"
cuad-final-mab-k6-j4-budget50-seed42,3e74ce28ed,0-022b755afd-f987dae6bd,022b755afd-f987dae6bd,022b755afd,f987dae6bd,MarshalAndScanDataOp,50,1cb4b90696,,0.0,4.76837158203125e-07,True,,0.0,0.0,0.0,0.0,0,0,0.0,0.0,,,,"[""cuad-55""]"
cuad-final-mab-k6-j4-budget50-seed42,3e74ce28ed,0-022b755afd-f987dae6bd,022b755afd-f987dae6bd,022b755afd,f987dae6bd,MarshalAndScanDataOp,51,d4ad11305c,,0.0,2.384185791015625e-07,True,,0.0,0.0,0.0,0.0,0,0,0.0,0.0,,,,"[""cuad-54""]"
cuad-final-mab-k6-j4-budget50-seed42,3e74ce28ed,0-022b755afd-f987dae6bd,022b755afd-f987dae6bd,022b755afd,f987dae6bd,MarshalAndScanDataOp,52,b5caec43c9,,0.0,7.152557373046875e-07,True,,0.0,0.0,0.0,0.0,0,0,0.0,0.0,,,,"[""cuad-64""]"
cuad-final-mab-k6-j4-budget50-seed42,3e74ce28ed,0-022b755afd-f987dae6bd,022b755afd-f987dae6bd,022b755afd,f987dae6bd,MarshalAndScanDataOp,53,d4cf7bb1c2,,0.0,4.76837158203125e-07,True,,0.0,0.0,0.0,0.0,0,0,0.0,0.0,,,,"[""cuad-79""]"
cuad-final-mab-k6-j4-budget50-seed42,3e74ce28ed,0-022b755afd-f987dae6bd,022b755afd-f987dae6bd,022b755afd,f987dae6bd,MarshalAndScanDataOp,54,3f40f24ce1,,0.0,2.384185791015625e-07,True,,0.0,0.0,0.0,0.0,0,0,0.0,0.0,,,,"[""cuad-92""]"
cuad-final-mab-k6-j4-budget50-seed42,3e74ce28ed,0-022b755afd-f987dae6bd,022b755afd-f987dae6bd,022b755afd,f987dae6bd,MarshalAndScanDataOp,55,c39e23f47a,,0.0,9.5367431640625e-07,True,,0.0,0.0,0.0,0.0,0,0,0.0,0.0,,,,"[""cuad-1""]"
cuad-final-mab-k6-j4-budget50-seed42,3e74ce28ed,0-022b755afd-f987dae6bd,022b755afd-f987dae6bd,022b755afd,f987dae6bd,MarshalAndScanDataOp,56,3582f268d0,,0.0,4.76837158203125e-07,True,,0.0,0.0,0.0,0.0,0,0,0.0,0.0,,,,"[""cuad-31""]"
cuad-final-mab-k6-j4-budget50-seed42,3e74ce28ed,0-022b755afd-f987dae6bd,022b755afd-f987dae6bd,022b755afd,f987dae6bd,MarshalAndScanDataOp,57,e9a4f57281,,0.0,2.384185791015625e-07,True,,0.0,0.0,0.0,0.0,0,0,0.0,0.0,,,,"[""cuad-93""]"
cuad-final-mab-k6-j4-budget50-seed42,3e74ce28ed,0-022b755afd-f987dae6bd,022b755afd-f987dae6bd,022b755afd,f987dae6bd,MarshalAndScanDataOp,58,d18afe33af,,0.0,2.384185791015625e-07,True,,0.0,0.0,0.0,0.0,0,0,0.0,0.0,,,,"[""cuad-4""]"
cuad-final-mab-k6-j4-budget50-seed42,3e74ce28ed,0-022b755afd-f987dae6bd,022b755afd-f987dae6bd,022b755afd,f987dae6bd,MarshalAndScanDataOp,59,8e93df319e,,0.0,2.384185791015625e-07,True,,0.0,0.0,0.0,0.0,0,0,0.0,0.0,,,,"[""cuad-73""]"
cuad-final-mab-k6-j4-budget50-seed42,3e74ce28ed,0-022b755afd-f987dae6bd,022b755afd-f987dae6bd,022b755afd,f987dae6bd,MarshalAndScanDataOp,60,c8bdb402e3,,0.0,7.152557373046875e-07,True,,0.0,0.0,0.0,0.0,0,0,0.0,0.0,,,,"[""cuad-62""]"
cuad-final-mab-k6-j4-budget50-seed42,3e74ce28ed,0-022b755afd-f987dae6bd,022b755afd-f987dae6bd,022b755afd,f987dae6bd,MarshalAndScanDataOp,61,b051587d28,,0.0,2.384185791015625e-07,True,,0.0,0.0,0.0,0.0,0,0,0.0,0.0,,,,"[""cuad-49""]"
cuad-final-mab-k6-j4-budget50-seed42,3e74ce28ed,0-022b755afd-f987dae6bd,022b755afd-f987dae6bd,022b755afd,f987dae6bd,MarshalAndScanDataOp,62,aecc568ffa,,0.0,2.384185791015625e-07,True,,0.0,0.0,0.0,0.0,0,0,0.0,0.0,,,,"[""cuad-57""]"
cuad-final-mab-k6-j4-budget50-seed42,3e74ce28ed,0-022b755afd-f987dae6bd,022b755afd-f987dae6bd,022b755afd,f987dae6bd,MarshalAndScanDataOp,63,e8e573cdd0,,0.0,4.76837158203125e-07,True,,0.0,0.0,0.0,0.0,0,0,0.0,0.0,,,,"[""cuad-45""]"
cuad-final-mab-k6-j4-budget50-seed42,3e74ce28ed,0-022b755afd-f987dae6bd,022b755afd-f987dae6bd,022b755afd,f987dae6bd,MarshalAndScanDataOp,64,41d6dedb39,,0.0,2.384185791015625e-07,True,,0.0,0.0,0.0,0.0,0,0,0.0,0.0,,,,"[""cuad-81""]"
cuad-final-mab-k6-j4-budget50-seed42,3e74ce28ed,0-022b755afd-f987dae6bd,022b755afd-f987dae6bd,022b755afd,f987dae6bd,MarshalAndScanDataOp,65,97f9bf28eb,,0.0,4.76837158203125e-07,True,,0.0,0.0,0.0,0.0,0,0,0.0,0.0,,,,"[""cuad-66""]"
cuad-final-mab-k6-j4-budget50-seed42,3e74ce28ed,0-022b755afd-f987dae6bd,022b755afd-f987dae6bd,022b755afd,f987dae6bd,MarshalAndScanDataOp,66,87882c5488,,0.0,9.5367431640625e-07,True,,0.0,0.0,0.0,0.0,0,0,0.0,0.0,,,,"[""cuad-18""]"
cuad-final-mab-k6-j4-budget50-seed42,3e74ce28ed,0-022b755afd-f987dae6bd,022b755afd-f987dae6bd,022b755afd,f987dae6bd,MarshalAndScanDataOp,67,c773141dd5,,0.0,4.76837158203125e-07,True,,0.0,0.0,0.0,0.0,0,0,0.0,0.0,,,,"[""cuad-44""]"
cuad-final-mab-k6-j4-budget50-seed42,3e74ce28ed,0-022b755afd-f987dae6bd,022b755afd-f987dae6bd,022b755afd,f987dae6bd,MarshalAndScanDataOp,68,996d1a52dd,,0.0,4.76837158203125e-07,True,,0.0,0.0,0.0,0.0,0,0,0.0,0.0,,,,"[""cuad-19""]"
cuad-final-mab-k6-j4-budget50-seed42,3e74ce28ed,0-022b755afd-f987dae6bd,022b755afd-f987dae6bd,022b755afd,f987dae6bd,MarshalAndScanDataOp,69,0da53ba87d,,0.0,2.384185791015625e-07,True,,0.0,0.0,0.0,0.0,0,0,0.0,0.0,,,,"[""cuad-53""]"
cuad-final-mab-k6-j4-budget50-seed42,3e74ce28ed,0-022b755afd-f987dae6bd,022b755afd-f987dae6bd,022b755afd,f987dae6bd,MarshalAndScanDataOp,70,11178bd628,,0.0,2.384185791015625e-07,True,,0.0,0.0,0.0,0.0,0,0,0.0,0.0,,,,"[""cuad-63""]"
cuad-final-mab-k6-j4-budget50-seed42,3e74ce28ed,0-022b755afd-f987dae6bd,022b755afd-f987dae6bd,022b755afd,f987dae6bd,MarshalAndScanDataOp,71,3839095d99,,0.0,1.430511474609375e-06,True,,0.0,0.0,0.0,0.0,0,0,0.0,0.0,,,,"[""cuad-9""]"
cuad-final-mab-k6-j4-budget50-seed42,3e74ce28ed,0-022b755afd-f987dae6bd,022b755afd-f987dae6bd,022b755afd,f987dae6bd,MarshalAndScanDataOp,72,453b8343b5,,0.0,2.6226043701171875e-06,True,,0.0,0.0,0.0,0.0,0,0,0.0,0.0,,,,"[""cuad-0""]"
cuad-final-mab-k6-j4-budget50-seed42,3e74ce28ed,0-022b755afd-f987dae6bd,022b755afd-f987dae6bd,022b755afd,f987dae6bd,MarshalAndScanDataOp,73,f300650e24,,0.0,2.384185791015625e-07,True,,0.0,0.0,0.0,0.0,0,0,0.0,0.0,,,,"[""cuad-65""]"
cuad-final-mab-k6-j4-budget50-seed42,3e74ce28ed,0-022b755afd-f987dae6bd,022b755afd-f987dae6bd,022b755afd,f987dae6bd,MarshalAndScanDataOp,74,4037996d34,,0.0,2.384185791015625e-07,True,,0.0,0.0,0.0,0.0,0,0,0.0,0.0,,,,"[""cuad-26""]"
cuad-final-mab-k6-j4-budget50-seed42,3e74ce28ed,0-022b755afd-f987dae6bd,022b755afd-f987dae6bd,022b755afd,f987dae6bd,MarshalAndScanDataOp,75,d71ba4b38d,,0.0,2.384185791015625e-07,True,,0.0,0.0,0.0,0.0,0,0,0.0,0.0,,,,"[""cuad-74""]"
cuad-final-mab-k6-j4-budget50-seed42,3e74ce28ed,0-022b755afd-f987dae6bd,022b755afd-f987dae6bd,022b755afd,f987dae6bd,MarshalAndScanDataOp,76,b36f535c6b,,0.0,2.384185791015625e-07,True,,0.0,0.0,0.0,0.0,0,0,0.0,0.0,,,,"[""cuad-38""]"
cuad-final-mab-k6-j4-budget50-seed42,3e74ce28ed,0-022b755afd-f987dae6bd,022b755afd-f987dae6bd,022b755afd,f987dae6bd,MarshalAndScanDataOp,77,dc3b30e456,,0.0,9.5367431640625e-07,True,,0.0,0.0,0.0,0.0,0,0,0.0,0.0,,,,"[""cuad-13""]"
cuad-final-mab-k6-j4-budget50-seed42,3e74ce28ed,0-022b755afd-f987dae6bd,022b755afd-f987dae6bd,022b755afd,f987dae6bd,MarshalAndScanDataOp,78,eae3597c16,,0.0,4.76837158203125e-07,True,,0.0,0.0,0.0,0.0,0,0,0.0,0.0,,,,"[""cuad-17""]"
cuad-final-mab-k6-j4-budget50-seed42,3e74ce28ed,0-022b755afd-f987dae6bd,022b755afd-f987dae6bd,022b755afd,f987dae6bd,MarshalAndScanDataOp,79,aa535d7914,,0.0,4.76837158203125e-07,True,,0.0,0.0,0.0,0.0,0,0,0.0,0.0,,,,"[""cuad-69""]"
cuad-final-mab-k6-j4-budget50-seed42,3e74ce28ed,0-022b755afd-f987dae6bd,022b755afd-f987dae6bd,022b755afd,f987dae6bd,MarshalAndScanDataOp,80,c715efd163,,0.0,4.76837158203125e-07,True,,0.0,0.0,0.0,0.0,0,0,0.0,0.0,,,,"[""cuad-5""]"
cuad-final-mab-k6-j4-budget50-seed42,3e74ce28ed,0-022b755afd-f987dae6bd,022b755afd-f987dae6bd,022b755afd,f987dae6bd,MarshalAndScanDataOp,81,4bacc7e1e8,,0.0,2.384185791015625e-07,True,,0.0,0.0,0.0,0.0,0,0,0.0,0.0,,,,"[""cuad-91""]"
cuad-final-mab-k6-j4-budget50-seed42,3e74ce28ed,0-022b755afd-f987dae6bd,022b755afd-f987dae6bd,022b755afd,f987dae6bd,MarshalAndScanDataOp,82,dcd89bbde1,,0.0,4.76837158203125e-07,True,,0.0,0.0,0.0,0.0,0,0,0.0,0.0,,,,"[""cuad-61""]"
cuad-final-mab-k6-j4-budget50-seed42,3e74ce28ed,0-022b755afd-f987dae6bd,022b755afd-f987dae6bd,022b755afd,f987dae6bd,MarshalAndScanDataOp,83,792b4ad4cd,,0.0,4.76837158203125e-07,True,,0.0,0.0,0.0,0.0,0,0,0.0,0.0,,,,"[""cuad-8""]"
cuad-final-mab-k6-j4-budget50-seed42,3e74ce28ed,0-022b755afd-f987dae6bd,022b755afd-f987dae6bd,022b755afd,f987dae6bd,MarshalAndScanDataOp,84,bf0c75401f,,0.0,2.384185791015625e-07,True,,0.0,0.0,0.0,0.0,0,0,0.0,0.0,,,,"[""cuad-33""]"
cuad-final-mab-k6-j4-budget50-seed42,3e74ce28ed,0-022b755afd-f987dae6bd,022b755afd-f987dae6bd,022b755afd,f987dae6bd,MarshalAndScanDataOp,85,75b3eebc70,,0.0,2.384185791015625e-07,True,,0.0,0.0,0.0,0.0,0,0,0.0,0.0,,,,"[""cuad-41""]"
cuad-final-mab-k6-j4-budget50-seed42,3e74ce28ed,0-022b755afd-f987dae6bd,022b755afd-f987dae6bd,022b755afd,f987dae6bd,MarshalAndScanDataOp,86,83f896703b,,0.0,2.384185791015625e-07,True,,0.0,0.0,0.0,0.0,0,0,0.0,0.0,,,,"[""cuad-51""]"
cuad-final-mab-k6-j4-budget50-seed42,3e74ce28ed,0-022b755afd-f987dae6bd,022b755afd-f987dae6bd,022b755afd,f987dae6bd,MarshalAndScanDataOp,87,df02edca7a,,0.0,4.76837158203125e-07,True,,0.0,0.0,0.0,0.0,0,0,0.0,0.0,,,,"[""cuad-14""]"
cuad-final-mab-k6-j4-budget50-seed42,3e74ce28ed,0-022b755afd-f987dae6bd,022b755afd-f987dae6bd,022b755afd,f987dae6bd,MarshalAndScanDataOp,88,65d57c4355,,0.0,7.152557373046875e-07,True,,0.0,0.0,0.0,0.0,0,0,0.0,0.0,,,,"[""cuad-34""]"
cuad-final-mab-k6-j4-budget50-seed42,3e74ce28ed,0-022b755afd-f987dae6bd,022b755afd-f987dae6bd,022b755afd,f987dae6bd,MarshalAndScanDataOp,89,373987e09b,,0.0,2.384185791015625e-07,True,,0.0,0.0,0.0,0.0,0,0,0.0,0.0,,,,"[""cuad-20""]"
cuad-final-mab-k6-j4-budget50-seed42,3e74ce28ed,0-022b755afd-f987dae6bd,022b755afd-f987dae6bd,022b755afd,f987dae6bd,MarshalAndScanDataOp,90,6eec3381d3,,0.0,4.76837158203125e-07,True,,0.0,0.0,0.0,0.0,0,0,0.0,0.0,,,,"[""cuad-89""]"
cuad-final-mab-k6-j4-budget50-seed42,3e74ce28ed,0-022b755afd-f987dae6bd,022b755afd-f987dae6bd,022b755afd,f987dae6bd,MarshalAndScanDataOp,91,e2548aaf4c,,0.0,9.5367431640625e-06,True,,0.0,0.0,0.0,0.0,0,0,0.0,0.0,,,,"[""cuad-12""]"
cuad-final-mab-k6-j4-budget50-seed42,3e74ce28ed,0-022b755afd-f987dae6bd,022b755afd-f987dae6bd,022b755afd,f987dae6bd,MarshalAndScanDataOp,92,468cbef32c,,0.0,2.384185791015625e-07,True,,0.0,0.0,0.0,0.0,0,0,0.0,0.0,,,,"[""cuad-40""]"
cuad-final-mab-k6-j4-budget50-seed42,3e74ce28ed,0-022b755afd-f987dae6bd,022b755afd-f987dae6bd,022b755afd,f987dae6bd,MarshalAndScanDataOp,93,53fed8f2d5,,0.0,4.76837158203125e-07,True,,0.0,0.0,0.0,0.0,0,0,0.0,0.0,,,,"[""cuad-10""]"
cuad-final-mab-k6-j4-budget50-seed42,3e74ce28ed,0-022b755afd-f987dae6bd,022b755afd-f987dae6bd,022b755afd,f987dae6bd,MarshalAndScanDataOp,94,2000f7c692,,0.0,4.76837158203125e-07,True,,0.0,0.0,0.0,0.0,0,0,0.0,0.0,,,,"[""cuad-96""]"
cuad-final-mab-k6-j4-budget50-seed42,3e74ce28ed,0-022b755afd-f987dae6bd,022b755afd-f987dae6bd,022b755afd,f987dae6bd,MarshalAndScanDataOp,95,dd7ab79213,,0.0,2.384185791015625e-07,True,,0.0,0.0,0.0,0.0,0,0,0.0,0.0,,,,"[""cuad-47""]"
cuad-final-mab-k6-j4-budget50-seed42,3e74ce28ed,0-022b755afd-f987dae6bd,022b755afd-f987dae6bd,022b755afd,f987dae6bd,MarshalAndScanDataOp,96,c4d5b33e4e,,0.0,4.76837158203125e-07,True,,0.0,0.0,0.0,0.0,0,0,0.0,0.0,,,,"[""cuad-70""]"
cuad-final-mab-k6-j4-budget50-seed42,3e74ce28ed,0-022b755afd-f987dae6bd,022b755afd-f987dae6bd,022b755afd,f987dae6bd,MarshalAndScanDataOp,97,4e150ad250,,0.0,7.152557373046875e-07,True,,0.0,0.0,0.0,0.0,0,0,0.0,0.0,,,,"[""cuad-6""]"
cuad-final-mab-k6-j4-budget50-seed42,3e74ce28ed,0-022b755afd-f987dae6bd,022b755afd-f987dae6bd,022b755afd,f987dae6bd,MarshalAndScanDataOp,98,d4b2ea52f9,,0.0,2.384185791015625e-07,True,,0.0,0.0,0.0,0.0,0,0,0.0,0.0,,,,"[""cuad-87""]"
cuad-final-mab-k6-j4-budget50-seed42,3e74ce28ed,0-022b755afd-f987dae6bd,022b755afd-f987dae6bd,022b755afd,f987dae6bd,MarshalAndScanDataOp,99,28f8365d31,,0.0,4.76837158203125e-07,True,,0.0,0.0,0.0,0.0,0,0,0.0,0.0,,,,"[""cuad-52""]"
cuad-final-mab-k6-j4-budget50-seed42,3e74ce28ed,1-81dd1f8073-180faa2848,81dd1f8073-180faa2848,81dd1f8073,180faa2848,MixtureOfAgentsConvert,0,68545e4b17,,0.0009707499999999999,14.16196608543396,True,,3513.0,370.0,0.0008782499999999999,9.25e-05,2,0,14.158211946487427,0.0,False,,"[""abe2cf40a0""]","[""cuad-68""]"
cuad-final-mab-k6-j4-budget50-seed42,3e74ce28ed,1-81dd1f8073-180faa2848,81dd1f8073-180faa2848,81dd1f8073,180faa2848,MixtureOfAgentsConvert,1,5a7aaa837a,,0.0009707499999999999,14.176539421081543,True,,3513.0,370.0,0.0008782499999999999,9.25e-05,2,0,14.17241883277893,0.0,False,,"[""255802db76""]","[""cuad-3""]"
cuad-final-mab-k6-j4-budget50-seed42,3e74ce28ed,1-81dd1f8073-180faa2848,81dd1f8073-180faa2848,81dd1f8073,180faa2848,MixtureOfAgentsConvert,2,a419e7bae1,,0.0022319999999999996,34.64650082588196,True,,7821.0,1107.0,0.00195525,0.00027675,2,0,34.64313817024231,0.0,False,,"[""fd32904239""]","[""cuad-32""]"
cuad-final-mab-k6-j4-budget50-seed42,3e74ce28ed,1-81dd1f8073-180faa2848,81dd1f8073-180faa2848,81dd1f8073,180faa2848,MixtureOfAgentsConvert,3,503ae3c819,,0.002443,40.210442543029785,True,,8536.0,1236.0,0.0021339999999999996,0.000309,2,0,40.20611643791199,0.0,True,,"[""f93bb677c2""]","[""cuad-84""]"
cuad-final-mab-k6-j4-budget50-seed42,3e74ce28ed,1-81dd1f8073-180faa2848,81dd1f8073-180faa2848,81dd1f8073,180faa2848,MixtureOfAgentsConvert,4,4c3c4f269a,,0.0031522499999999997,76.66279125213623,True,,10463.0,2146.0,0.00261575,0.0005365,2,0,76.65948128700256,0.0,False,,"[""3d4e2d4fa0""]","[""cuad-35""]"
cuad-final-mab-k6-j4-budget50-seed42,3e74ce28ed,1-81dd1f8073-180faa2848,81dd1f8073-180faa2848,81dd1f8073,180faa2848,MixtureOfAgentsConvert,5,c657085144,,0.003503,98.95840191841125,True,,11223.0,2789.0,0.00280575,0.0006972500000000001,2,0,98.95388388633728,0.0,False,,"[""9775516931""]","[""cuad-80""]"
cuad-final-mab-k6-j4-budget50-seed42,3e74ce28ed,1-81dd1f8073-180faa2848,81dd1f8073-180faa2848,81dd1f8073,180faa2848,MixtureOfAgentsConvert,6,8ac343530b,,0.00466975,105.77748012542725,True,,15483.0,3196.0,0.00387075,0.000799,2,0,105.77363324165344,0.0,True,,"[""985036f287""]","[""cuad-43""]"
cuad-final-mab-k6-j4-budget50-seed42,3e74ce28ed,1-81dd1f8073-180faa2848,81dd1f8073-180faa2848,81dd1f8073,180faa2848,MixtureOfAgentsConvert,7,8ad0da7a0b,,0.00542025,109.60357069969177,True,,18508.0,3173.0,0.004627,0.00079325,2,0,109.60067677497864,0.0,False,,"[""ecd047222c""]","[""cuad-78""]"
cuad-final-mab-k6-j4-budget50-seed42,3e74ce28ed,1-81dd1f8073-180faa2848,81dd1f8073-180faa2848,81dd1f8073,180faa2848,MixtureOfAgentsConvert,8,923b459fda,,0.004198,115.87169337272644,True,,13468.0,3324.0,0.0033669999999999998,0.0008309999999999999,2,0,115.8679130077362,0.0,False,,"[""b176a0dba7""]","[""cuad-95""]"
cuad-final-mab-k6-j4-budget50-seed42,3e74ce28ed,1-81dd1f8073-180faa2848,81dd1f8073-180faa2848,81dd1f8073,180faa2848,MixtureOfAgentsConvert,9,6c12f666f7,,0.0052327499999999996,107.6670606136322,True,,17597.0,3334.0,0.00439925,0.0008335,2,0,107.66369676589966,0.0,False,,"[""bf2ec5829a""]","[""cuad-76""]"
cuad-final-mab-k6-j4-budget50-seed42,3e74ce28ed,1-81dd1f8073-180faa2848,81dd1f8073-180faa2848,81dd1f8073,180faa2848,MixtureOfAgentsConvert,10,cd30baca55,,0.005719999999999999,120.98025393486023,True,,19576.0,3304.0,0.004893999999999999,0.0008259999999999999,2,0,120.97593665122986,0.0,False,,"[""a34b527b9c""]","[""cuad-94""]"
cuad-final-mab-k6-j4-budget50-seed42,3e74ce28ed,1-81dd1f8073-180faa2848,81dd1f8073-180faa2848,81dd1f8073,180faa2848,MixtureOfAgentsConvert,11,c1451e9ddc,,0.004035749999999999,72.45982480049133,True,,14077.0,2066.0,0.00351925,0.0005164999999999999,2,0,72.45523858070374,0.0,True,,"[""3966230a08""]","[""cuad-21""]"
cuad-final-mab-k6-j4-budget50-seed42,3e74ce28ed,1-81dd1f8073-180faa2848,81dd1f8073-180faa2848,81dd1f8073,180faa2848,MixtureOfAgentsConvert,12,03cd627b94,,0.00475925,131.28173661231995,True,,15952.0,3085.0,0.003988,0.00077125,2,0,131.27879405021667,0.0,False,,"[""5cae385ee7""]","[""cuad-39""]"
cuad-final-mab-k6-j4-budget50-seed42,3e74ce28ed,1-81dd1f8073-180faa2848,81dd1f8073-180faa2848,81dd1f8073,180faa2848,MixtureOfAgentsConvert,13,2eefd8f884,,0.00407625,63.775553464889526,True,,14531.0,1774.0,0.0036327499999999997,0.0004435,2,0,63.77048993110657,0.0,True,,"[""7ddab4003e""]","[""cuad-23""]"
cuad-final-mab-k6-j4-budget50-seed42,3e74ce28ed,1-81dd1f8073-180faa2848,81dd1f8073-180faa2848,81dd1f8073,180faa2848,MixtureOfAgentsConvert,14,d4505f7984,,0.0009707499999999999,16.900540113449097,True,,3513.0,370.0,0.0008782499999999999,9.25e-05,2,0,16.895018577575684,0.0,False,,"[""b1c941e16f""]","[""cuad-37""]"
cuad-final-mab-k6-j4-budget50-seed42,3e74ce28ed,1-81dd1f8073-180faa2848,81dd1f8073-180faa2848,81dd1f8073,180faa2848,MixtureOfAgentsConvert,15,022e9d398d,,0.004267999999999999,94.49166870117188,True,,14301.0,2771.0,0.00357525,0.00069275,2,0,94.48799800872803,0.0,False,,"[""5b0c4e1c62""]","[""cuad-67""]"
cuad-final-mab-k6-j4-budget50-seed42,3e74ce28ed,1-81dd1f8073-180faa2848,81dd1f8073-180faa2848,81dd1f8073,180faa2848,MixtureOfAgentsConvert,16,027a4e425b,,0.0045165,105.47880625724792,True,,15044.0,3022.0,0.0037609999999999996,0.0007555,2,0,105.47369694709778,0.0,True,,"[""c86b946e38""]","[""cuad-90""]"
cuad-final-mab-k6-j4-budget50-seed42,3e74ce28ed,1-81dd1f8073-180faa2848,81dd1f8073-180faa2848,81dd1f8073,180faa2848,MixtureOfAgentsConvert,17,d325cae7d9,,0.0036612499999999996,92.26279783248901,True,,11977.0,2668.0,0.00299425,0.0006670000000000001,2,0,92.25909280776978,0.0,False,,"[""71caf301d9""]","[""cuad-46""]"
cuad-final-mab-k6-j4-budget50-seed42,3e74ce28ed,1-81dd1f8073-180faa2848,81dd1f8073-180faa2848,81dd1f8073,180faa2848,MixtureOfAgentsConvert,18,2f729baad9,,0.0009707499999999999,10.711938381195068,True,,3513.0,370.0,0.0008782499999999999,9.25e-05,2,0,10.70880126953125,0.0,False,,"[""aab27437c3""]","[""cuad-75""]"
cuad-final-mab-k6-j4-budget50-seed42,3e74ce28ed,1-81dd1f8073-180faa2848,81dd1f8073-180faa2848,81dd1f8073,180faa2848,MixtureOfAgentsConvert,19,a20cce898d,,0.0024045,38.45897054672241,True,,8426.0,1192.0,0.0021065,0.000298,2,0,38.45629620552063,0.0,False,,"[""2c1edb5b31""]","[""cuad-77""]"
cuad-final-mab-k6-j4-budget50-seed42,3e74ce28ed,1-81dd1f8073-180faa2848,81dd1f8073-180faa2848,81dd1f8073,180faa2848,MixtureOfAgentsConvert,20,2fcfb41c22,,0.0042855,91.97431659698486,True,,14339.0,2803.0,0.0035847500000000003,0.00070075,2,0,91.9697539806366,0.0,False,,"[""c8d21e49ed""]","[""cuad-72""]"
cuad-final-mab-k6-j4-budget50-seed42,3e74ce28ed,1-81dd1f8073-180faa2848,81dd1f8073-180faa2848,81dd1f8073,180faa2848,MixtureOfAgentsConvert,21,5a0a8a38f0,,0.0009707499999999999,9.891274452209473,True,,3513.0,370.0,0.0008782499999999999,9.25e-05,2,0,9.885679244995117,0.0,False,,"[""354db1c09b""]","[""cuad-50""]"
cuad-final-mab-k6-j4-budget50-seed42,3e74ce28ed,1-81dd1f8073-180faa2848,81dd1f8073-180faa2848,81dd1f8073,180faa2848,MixtureOfAgentsConvert,22,4493f156de,,0.0009707499999999999,10.451131820678711,True,,3513.0,370.0,0.0008782499999999999,9.25e-05,2,0,10.445098638534546,0.0,False,,"[""90c953f5c6""]","[""cuad-36""]"
cuad-final-mab-k6-j4-budget50-seed42,3e74ce28ed,1-81dd1f8073-180faa2848,81dd1f8073-180faa2848,81dd1f8073,180faa2848,MixtureOfAgentsConvert,23,2e07073dae,,0.0009707499999999999,11.273264169692993,True,,3513.0,370.0,0.0008782499999999999,9.25e-05,2,0,11.270428895950317,0.0,False,,"[""6b6edf37be""]","[""cuad-2""]"
cuad-final-mab-k6-j4-budget50-seed42,3e74ce28ed,1-81dd1f8073-180faa2848,81dd1f8073-180faa2848,81dd1f8073,180faa2848,MixtureOfAgentsConvert,24,810be6ee08,,0.0038135,74.61449217796326,True,,12709.0,2545.0,0.00317725,0.00063625,2,0,74.61110067367554,0.0,False,,"[""be92effece""]","[""cuad-71""]"
cuad-final-mab-k6-j4-budget50-seed42,3e74ce28ed,1-81dd1f8073-180faa2848,81dd1f8073-180faa2848,81dd1f8073,180faa2848,MixtureOfAgentsConvert,25,a6a2d964cd,,0.004484999999999999,95.2361330986023,True,,14893.0,3047.0,0.00372325,0.00076175,2,0,95.23033094406128,0.0,False,,"[""3611537fff""]","[""cuad-85""]"
cuad-final-mab-k6-j4-budget50-seed42,3e74ce28ed,1-81dd1f8073-180faa2848,81dd1f8073-180faa2848,81dd1f8073,180faa2848,MixtureOfAgentsConvert,26,83f3f795d1,,0.0032787499999999995,62.888694763183594,True,,10998.0,2117.0,0.0027494999999999998,0.00052925,2,0,62.88491702079773,0.0,False,,"[""aff172e2c5""]","[""cuad-48""]"
cuad-final-mab-k6-j4-budget50-seed42,3e74ce28ed,1-81dd1f8073-180faa2848,81dd1f8073-180faa2848,81dd1f8073,180faa2848,MixtureOfAgentsConvert,27,c09d5a3cea,,0.0034992499999999998,76.77548003196716,True,,11404.0,2593.0,0.002851,0.00064825,2,0,76.77043604850769,0.0,False,,"[""2ed8504b8a""]","[""cuad-98""]"
cuad-final-mab-k6-j4-budget50-seed42,3e74ce28ed,1-81dd1f8073-180faa2848,81dd1f8073-180faa2848,81dd1f8073,180faa2848,MixtureOfAgentsConvert,28,4072929122,,0.0033204999999999997,68.11615753173828,True,,10957.0,2325.0,0.00273925,0.00058125,2,0,68.1121335029602,0.0,False,,"[""c09b4965e2""]","[""cuad-30""]"
cuad-final-mab-k6-j4-budget50-seed42,3e74ce28ed,1-81dd1f8073-180faa2848,81dd1f8073-180faa2848,81dd1f8073,180faa2848,MixtureOfAgentsConvert,29,485edb95e2,,0.006666249999999999,143.63396000862122,True,,22095.0,4570.0,0.005523749999999999,0.0011425,2,0,143.62947392463684,0.0,False,,"[""b44eb790a1""]","[""cuad-42""]"
cuad-final-mab-k6-j4-budget50-seed42,3e74ce28ed,1-81dd1f8073-180faa2848,81dd1f8073-180faa2848,81dd1f8073,180faa2848,MixtureOfAgentsConvert,30,a851025fd7,,0.0009707499999999999,15.675084352493286,True,,3513.0,370.0,0.0008782499999999999,9.25e-05,2,0,15.672312021255493,0.0,False,,"[""debd7cdff3""]","[""cuad-58""]"
cuad-final-mab-k6-j4-budget50-seed42,3e74ce28ed,1-81dd1f8073-180faa2848,81dd1f8073-180faa2848,81dd1f8073,180faa2848,MixtureOfAgentsConvert,31,850f42f90c,,0.00433375,101.4687180519104,True,,14151.0,3184.0,0.00353775,0.000796,2,0,101.46568655967712,0.0,False,,"[""87ee237e90""]","[""cuad-86""]"
cuad-final-mab-k6-j4-budget50-seed42,3e74ce28ed,1-81dd1f8073-180faa2848,81dd1f8073-180faa2848,81dd1f8073,180faa2848,MixtureOfAgentsConvert,32,3746c282bd,,0.00601125,23.29652714729309,True,,23512.0,533.0,0.0058779999999999995,0.00013324999999999999,2,0,23.293466806411743,0.0,False,,"[""b217a4210e""]","[""cuad-22""]"
cuad-final-mab-k6-j4-budget50-seed42,3e74ce28ed,1-81dd1f8073-180faa2848,81dd1f8073-180faa2848,81dd1f8073,180faa2848,MixtureOfAgentsConvert,33,acc210cbcc,,0.0041165,106.652108669281,True,,13123.0,3343.0,0.00328075,0.0008357499999999999,2,0,106.64645075798035,0.0,False,,"[""20898b20c7""]","[""cuad-7""]"
cuad-final-mab-k6-j4-budget50-seed42,3e74ce28ed,1-81dd1f8073-180faa2848,81dd1f8073-180faa2848,81dd1f8073,180faa2848,MixtureOfAgentsConvert,34,b5ee4d0278,,0.004176,98.08498787879944,True,,13884.0,2820.0,0.0034709999999999997,0.000705,2,0,98.08152937889099,0.0,False,,"[""380c3cb459""]","[""cuad-59""]"
cuad-final-mab-k6-j4-budget50-seed42,3e74ce28ed,1-81dd1f8073-180faa2848,81dd1f8073-180faa2848,81dd1f8073,180faa2848,MixtureOfAgentsConvert,35,941364305c,,0.0038664999999999997,110.58141374588013,True,,12520.0,2946.0,0.00313,0.0007365,2,0,110.57694721221924,0.0,False,,"[""71bacab373""]","[""cuad-25""]"
cuad-final-mab-k6-j4-budget50-seed42,3e74ce28ed,1-81dd1f8073-180faa2848,81dd1f8073-180faa2848,81dd1f8073,180faa2848,MixtureOfAgentsConvert,36,6063e4e073,,0.00387625,94.08742427825928,True,,12767.0,2738.0,0.0031917499999999997,0.0006845,2,0,94.08195209503174,0.0,False,,"[""75658233c4""]","[""cuad-82""]"
cuad-final-mab-k6-j4-budget50-seed42,3e74ce28ed,1-81dd1f8073-180faa2848,81dd1f8073-180faa2848,81dd1f8073,180faa2848,MixtureOfAgentsConvert,37,cc412c05fb,,0.00349275,89.5453200340271,True,,11647.0,2324.0,0.00291175,0.0005809999999999999,2,0,89.54286193847656,0.0,False,,"[""78d0181b9f""]","[""cuad-60""]"
cuad-final-mab-k6-j4-budget50-seed42,3e74ce28ed,1-81dd1f8073-180faa2848,81dd1f8073-180faa2848,81dd1f8073,180faa2848,MixtureOfAgentsConvert,38,a61b922cf1,,0.00502425,51.70265793800354,True,,18872.0,1225.0,0.004718,0.00030625,2,0,51.69828152656555,0.0,True,,"[""b1845cba29""]","[""cuad-27""]"
cuad-final-mab-k6-j4-budget50-seed42,3e74ce28ed,1-81dd1f8073-180faa2848,81dd1f8073-180faa2848,81dd1f8073,180faa2848,MixtureOfAgentsConvert,39,6d3ee336ba,,0.0033872499999999996,66.26582837104797,True,,11903.0,1646.0,0.0029757499999999997,0.0004115,2,0,66.26225471496582,0.0,False,,"[""30dd551a16""]","[""cuad-15""]"
cuad-final-mab-k6-j4-budget50-seed42,3e74ce28ed,1-81dd1f8073-180faa2848,81dd1f8073-180faa2848,81dd1f8073,180faa2848,MixtureOfAgentsConvert,40,d49bd1dd33,,0.0009707499999999999,25.505151510238647,True,,3513.0,370.0,0.0008782499999999999,9.25e-05,2,0,25.500187158584595,0.0,False,,"[""bb82c30c4b""]","[""cuad-29""]"
cuad-final-mab-k6-j4-budget50-seed42,3e74ce28ed,1-81dd1f8073-180faa2848,81dd1f8073-180faa2848,81dd1f8073,180faa2848,MixtureOfAgentsConvert,41,82e8ebea74,,0.00673775,121.20864248275757,True,,23360.0,3591.0,0.00584,0.00089775,2,0,121.20528602600098,0.0,False,,"[""6baa826979""]","[""cuad-28""]"
cuad-final-mab-k6-j4-budget50-seed42,3e74ce28ed,1-81dd1f8073-180faa2848,81dd1f8073-180faa2848,81dd1f8073,180faa2848,MixtureOfAgentsConvert,42,c6214c30f4,,0.0041655,108.88304829597473,True,,13847.0,2815.0,0.00346175,0.00070375,2,0,108.87873101234436,0.0,False,,"[""0d88534bd5""]","[""cuad-24""]"
cuad-final-mab-k6-j4-budget50-seed42,3e74ce28ed,1-81dd1f8073-180faa2848,81dd1f8073-180faa2848,81dd1f8073,180faa2848,MixtureOfAgentsConvert,43,fbcd8786b3,,0.0031882499999999997,76.00914359092712,True,,11251.0,1502.0,0.0028127499999999997,0.00037549999999999997,2,0,76.00314474105835,0.0,True,,"[""4740f75a9f""]","[""cuad-16""]"
cuad-final-mab-k6-j4-budget50-seed42,3e74ce28ed,1-81dd1f8073-180faa2848,81dd1f8073-180faa2848,81dd1f8073,180faa2848,MixtureOfAgentsConvert,44,5c9570b481,,0.00294875,89.38110613822937,True,,9344.0,2451.0,0.002336,0.00061275,2,0,89.37720203399658,0.0,False,,"[""89d1c1f5b5""]","[""cuad-88""]"
cuad-final-mab-k6-j4-budget50-seed42,3e74ce28ed,1-81dd1f8073-180faa2848,81dd1f8073-180faa2848,81dd1f8073,180faa2848,MixtureOfAgentsConvert,45,d4e114b9c5,,0.00400675,92.56294703483582,True,,13349.0,2678.0,0.00333725,0.0006695,2,0,92.55824899673462,0.0,False,,"[""de533e4a54""]","[""cuad-97""]"
cuad-final-mab-k6-j4-budget50-seed42,3e74ce28ed,1-81dd1f8073-180faa2848,81dd1f8073-180faa2848,81dd1f8073,180faa2848,MixtureOfAgentsConvert,46,33cec62479,,0.0009707499999999999,30.260295867919922,True,,3513.0,370.0,0.0008782499999999999,9.25e-05,2,0,30.253735780715942,0.0,False,,"[""38207b99d9""]","[""cuad-83""]"
cuad-final-mab-k6-j4-budget50-seed42,3e74ce28ed,1-81dd1f8073-180faa2848,81dd1f8073-180faa2848,81dd1f8073,180faa2848,MixtureOfAgentsConvert,47,0138b36353,,0.00545225,121.94126462936401,True,,18266.0,3543.0,0.004566499999999999,0.0008857499999999999,2,0,121.93659687042236,0.0,True,,"[""cde05a028f""]","[""cuad-99""]"
cuad-final-mab-k6-j4-budget50-seed42,3e74ce28ed,1-81dd1f8073-180faa2848,81dd1f8073-180faa2848,81dd1f8073,180faa2848,MixtureOfAgentsConvert,48,2f024eeafb,,0.00586275,161.816157579422,True,,18814.0,4637.0,0.004703499999999999,0.0011592500000000001,2,0,161.81013679504395,0.0,False,,"[""e5daf73b10""]","[""cuad-11""]"
cuad-final-mab-k6-j4-budget50-seed42,3e74ce28ed,1-81dd1f8073-180faa2848,81dd1f8073-180faa2848,81dd1f8073,180faa2848,MixtureOfAgentsConvert,49,131b03f1e1,,0.0009707499999999999,45.05423927307129,True,,3513.0,370.0,0.0008782499999999999,9.25e-05,2,0,45.04914879798889,0.0,False,,"[""c39e23f47a""]","[""cuad-1""]"
cuad-final-mab-k6-j4-budget50-seed42,3e74ce28ed,1-81dd1f8073-180faa2848,81dd1f8073-180faa2848,81dd1f8073,180faa2848,MixtureOfAgentsConvert,50,c57207c20f,,0.0029362499999999996,82.66224694252014,True,,10525.0,1220.0,0.00263125,0.000305,2,0,82.6591317653656,0.0,False,,"[""b5caec43c9""]","[""cuad-64""]"
cuad-final-mab-k6-j4-budget50-seed42,3e74ce28ed,1-81dd1f8073-180faa2848,81dd1f8073-180faa2848,81dd1f8073,180faa2848,MixtureOfAgentsConvert,51,7c4d938ce9,,0.006551,105.76037216186523,True,,23481.0,2723.0,0.0058702500000000005,0.0006807499999999999,2,0,105.75606155395508,0.0,False,,"[""1cb4b90696""]","[""cuad-55""]"
cuad-final-mab-k6-j4-budget50-seed42,3e74ce28ed,1-81dd1f8073-180faa2848,81dd1f8073-180faa2848,81dd1f8073,180faa2848,MixtureOfAgentsConvert,52,438a7d66a8,,0.006319249999999999,134.24337434768677,True,,22425.0,2852.0,0.00560625,0.000713,2,0,134.23867630958557,0.0,False,,"[""2c26b02bbd""]","[""cuad-56""]"
cuad-final-mab-k6-j4-budget50-seed42,3e74ce28ed,1-81dd1f8073-180faa2848,81dd1f8073-180faa2848,81dd1f8073,180faa2848,MixtureOfAgentsConvert,53,25fb48ffd9,,0.0009707499999999999,12.07326078414917,True,,3513.0,370.0,0.0008782499999999999,9.25e-05,2,0,12.067058324813843,0.0,False,,"[""c8bdb402e3""]","[""cuad-62""]"
cuad-final-mab-k6-j4-budget50-seed42,3e74ce28ed,1-81dd1f8073-180faa2848,81dd1f8073-180faa2848,81dd1f8073,180faa2848,MixtureOfAgentsConvert,54,8d322c651a,,0.00231025,29.708943367004395,True,,8199.0,1042.0,0.00204975,0.0002605,2,0,29.704900979995728,0.0,False,,"[""e9a4f57281""]","[""cuad-93""]"
cuad-final-mab-k6-j4-budget50-seed42,3e74ce28ed,1-81dd1f8073-180faa2848,81dd1f8073-180faa2848,81dd1f8073,180faa2848,MixtureOfAgentsConvert,55,4d99f005d9,,0.0065315,116.72625803947449,True,,23403.0,2723.0,0.00585075,0.00068075,2,0,116.71633434295654,0.0,False,,"[""d4ad11305c""]","[""cuad-54""]"
cuad-final-mab-k6-j4-budget50-seed42,3e74ce28ed,1-81dd1f8073-180faa2848,81dd1f8073-180faa2848,81dd1f8073,180faa2848,MixtureOfAgentsConvert,56,fc0dc9a2d9,,0.0009707499999999999,9.955243110656738,True,,3513.0,370.0,0.0008782499999999999,9.25e-05,2,0,9.951335191726685,0.0,False,,"[""b051587d28""]","[""cuad-49""]"
cuad-final-mab-k6-j4-budget50-seed42,3e74ce28ed,1-81dd1f8073-180faa2848,81dd1f8073-180faa2848,81dd1f8073,180faa2848,MixtureOfAgentsConvert,57,b55102d3d2,,0.00430025,112.4179117679596,True,,14592.0,2609.0,0.003648,0.00065225,2,0,112.4136118888855,0.0,False,,"[""3f40f24ce1""]","[""cuad-92""]"
cuad-final-mab-k6-j4-budget50-seed42,3e74ce28ed,1-81dd1f8073-180faa2848,81dd1f8073-180faa2848,81dd1f8073,180faa2848,MixtureOfAgentsConvert,58,7425f4aa77,,0.00417075,126.77921795845032,True,,13604.0,3079.0,0.003401,0.00076975,2,0,126.77473568916321,0.0,False,,"[""d4cf7bb1c2""]","[""cuad-79""]"
cuad-final-mab-k6-j4-budget50-seed42,3e74ce28ed,1-81dd1f8073-180faa2848,81dd1f8073-180faa2848,81dd1f8073,180faa2848,MixtureOfAgentsConvert,59,83cbb824ed,,0.0032045,57.03356194496155,True,,10904.0,1914.0,0.002726,0.0004785,2,0,57.02959156036377,0.0,True,,"[""3582f268d0""]","[""cuad-31""]"
cuad-final-mab-k6-j4-budget50-seed42,3e74ce28ed,1-81dd1f8073-180faa2848,81dd1f8073-180faa2848,81dd1f8073,180faa2848,MixtureOfAgentsConvert,60,df91bf672e,,0.00361625,33.20321249961853,True,,13345.0,1120.0,0.00333625,0.00028,2,0,33.19719481468201,0.0,True,,"[""97f9bf28eb""]","[""cuad-66""]"
cuad-final-mab-k6-j4-budget50-seed42,3e74ce28ed,1-81dd1f8073-180faa2848,81dd1f8073-180faa2848,81dd1f8073,180faa2848,MixtureOfAgentsConvert,61,3a33ddaa3a,,0.00372525,72.4552538394928,True,,12554.0,2347.0,0.0031385,0.00058675,2,0,72.45193982124329,0.0,False,,"[""d18afe33af""]","[""cuad-4""]"
cuad-final-mab-k6-j4-budget50-seed42,3e74ce28ed,1-81dd1f8073-180faa2848,81dd1f8073-180faa2848,81dd1f8073,180faa2848,MixtureOfAgentsConvert,62,5beeb7c2ca,,0.0024235,35.779364347457886,True,,8685.0,1009.0,0.00217125,0.00025225,2,0,35.774656772613525,0.0,True,,"[""87882c5488""]","[""cuad-18""]"
cuad-final-mab-k6-j4-budget50-seed42,3e74ce28ed,1-81dd1f8073-180faa2848,81dd1f8073-180faa2848,81dd1f8073,180faa2848,MixtureOfAgentsConvert,63,962b118cf8,,0.00375825,63.49632263183594,True,,13147.0,1886.0,0.0032867499999999997,0.00047149999999999997,2,0,63.48988723754883,0.0,True,,"[""aecc568ffa""]","[""cuad-57""]"
cuad-final-mab-k6-j4-budget50-seed42,3e74ce28ed,1-81dd1f8073-180faa2848,81dd1f8073-180faa2848,81dd1f8073,180faa2848,MixtureOfAgentsConvert,64,2df57d36dc,,0.0032055,62.5727698802948,True,,10954.0,1868.0,0.0027385,0.00046699999999999997,2,0,62.56938409805298,0.0,False,,"[""41d6dedb39""]","[""cuad-81""]"
cuad-final-mab-k6-j4-budget50-seed42,3e74ce28ed,1-81dd1f8073-180faa2848,81dd1f8073-180faa2848,81dd1f8073,180faa2848,MixtureOfAgentsConvert,65,097be4979c,,0.0039415,98.03319120407104,True,,12728.0,3038.0,0.003182,0.0007595,2,0,98.02909541130066,0.0,True,,"[""8e93df319e""]","[""cuad-73""]"
cuad-final-mab-k6-j4-budget50-seed42,3e74ce28ed,1-81dd1f8073-180faa2848,81dd1f8073-180faa2848,81dd1f8073,180faa2848,MixtureOfAgentsConvert,66,2d1d5a00c3,,0.0009704999999999999,24.570473432540894,True,,3513.0,369.0,0.0008782499999999999,9.224999999999999e-05,2,0,24.566755533218384,0.0,False,,"[""453b8343b5""]","[""cuad-0""]"
cuad-final-mab-k6-j4-budget50-seed42,3e74ce28ed,1-81dd1f8073-180faa2848,81dd1f8073-180faa2848,81dd1f8073,180faa2848,MixtureOfAgentsConvert,67,75817d4e26,,0.0021725,34.19284224510193,True,,7851.0,839.0,0.00196275,0.00020974999999999998,2,0,34.1882004737854,0.0,True,,"[""f300650e24""]","[""cuad-65""]"
cuad-final-mab-k6-j4-budget50-seed42,3e74ce28ed,1-81dd1f8073-180faa2848,81dd1f8073-180faa2848,81dd1f8073,180faa2848,MixtureOfAgentsConvert,68,75caf980e8,,0.00362975,70.37894368171692,True,,12533.0,1986.0,0.0031332499999999998,0.0004965,2,0,70.37299942970276,0.0,True,,"[""996d1a52dd""]","[""cuad-19""]"
cuad-final-mab-k6-j4-budget50-seed42,3e74ce28ed,1-81dd1f8073-180faa2848,81dd1f8073-180faa2848,81dd1f8073,180faa2848,MixtureOfAgentsConvert,69,e3d315e348,,0.00636075,79.73183345794678,True,,23041.0,2402.0,0.00576025,0.0006004999999999999,2,0,79.72852230072021,0.0,False,,"[""0da53ba87d""]","[""cuad-53""]"
cuad-final-mab-k6-j4-budget50-seed42,3e74ce28ed,1-81dd1f8073-180faa2848,81dd1f8073-180faa2848,81dd1f8073,180faa2848,MixtureOfAgentsConvert,70,0150a3e191,,0.00216975,29.07087469100952,True,,7668.0,1011.0,0.0019169999999999999,0.00025275,2,0,29.06712579727173,0.0,False,,"[""d71ba4b38d""]","[""cuad-74""]"
cuad-final-mab-k6-j4-budget50-seed42,3e74ce28ed,1-81dd1f8073-180faa2848,81dd1f8073-180faa2848,81dd1f8073,180faa2848,MixtureOfAgentsConvert,71,308bdbaca0,,0.00481775,139.92504358291626,True,,15187.0,4084.0,0.0037967499999999998,0.001021,2,0,139.9156951904297,0.0,False,,"[""e8e573cdd0""]","[""cuad-45""]"
cuad-final-mab-k6-j4-budget50-seed42,3e74ce28ed,1-81dd1f8073-180faa2848,81dd1f8073-180faa2848,81dd1f8073,180faa2848,MixtureOfAgentsConvert,72,344a8fc6fd,,0.003288,84.47568249702454,True,,10646.0,2506.0,0.0026615,0.0006264999999999999,2,0,84.47173833847046,0.0,False,,"[""3839095d99""]","[""cuad-9""]"
cuad-final-mab-k6-j4-budget50-seed42,3e74ce28ed,1-81dd1f8073-180faa2848,81dd1f8073-180faa2848,81dd1f8073,180faa2848,MixtureOfAgentsConvert,73,a609e9bdd4,,0.005183500000000001,125.77945685386658,True,,16755.0,3979.0,0.00418875,0.00099475,2,0,125.77605175971985,0.0,False,,"[""c773141dd5""]","[""cuad-44""]"
cuad-final-mab-k6-j4-budget50-seed42,3e74ce28ed,1-81dd1f8073-180faa2848,81dd1f8073-180faa2848,81dd1f8073,180faa2848,MixtureOfAgentsConvert,74,0c8945e808,,0.0009707499999999999,9.922334432601929,True,,3513.0,370.0,0.0008782499999999999,9.25e-05,2,0,9.91874361038208,0.0,False,,"[""aa535d7914""]","[""cuad-69""]"
cuad-final-mab-k6-j4-budget50-seed42,3e74ce28ed,1-81dd1f8073-180faa2848,81dd1f8073-180faa2848,81dd1f8073,180faa2848,MixtureOfAgentsConvert,75,f0daccfb55,,0.00518625,106.07789731025696,True,,17623.0,3122.0,0.00440575,0.0007805,2,0,106.07124710083008,0.0,True,,"[""11178bd628""]","[""cuad-63""]"
cuad-final-mab-k6-j4-budget50-seed42,3e74ce28ed,1-81dd1f8073-180faa2848,81dd1f8073-180faa2848,81dd1f8073,180faa2848,MixtureOfAgentsConvert,76,861fc44224,,0.0040865,90.96265006065369,True,,13429.0,2917.0,0.00335725,0.00072925,2,0,90.95901131629944,0.0,False,,"[""4037996d34""]","[""cuad-26""]"
cuad-final-mab-k6-j4-budget50-seed42,3e74ce28ed,1-81dd1f8073-180faa2848,81dd1f8073-180faa2848,81dd1f8073,180faa2848,MixtureOfAgentsConvert,77,2f5ae657d0,,0.0024867499999999994,37.1636061668396,True,,8692.0,1255.0,0.0021729999999999996,0.00031375,2,0,37.15980577468872,0.0,True,,"[""c715efd163""]","[""cuad-5""]"
cuad-final-mab-k6-j4-budget50-seed42,3e74ce28ed,1-81dd1f8073-180faa2848,81dd1f8073-180faa2848,81dd1f8073,180faa2848,MixtureOfAgentsConvert,78,4a2fc90386,,0.0030865,110.13723158836365,True,,9584.0,2762.0,0.002396,0.0006904999999999999,2,0,110.13378643989563,0.0,False,,"[""dc3b30e456""]","[""cuad-13""]"
cuad-final-mab-k6-j4-budget50-seed42,3e74ce28ed,1-81dd1f8073-180faa2848,81dd1f8073-180faa2848,81dd1f8073,180faa2848,MixtureOfAgentsConvert,79,c1f96777d0,,0.0031184999999999997,104.06470036506653,True,,9566.0,2908.0,0.0023915,0.000727,2,0,104.06124496459961,0.0,False,,"[""eae3597c16""]","[""cuad-17""]"
cuad-final-mab-k6-j4-budget50-seed42,3e74ce28ed,1-81dd1f8073-180faa2848,81dd1f8073-180faa2848,81dd1f8073,180faa2848,MixtureOfAgentsConvert,80,e3750e9bdf,,0.00385,100.72984457015991,True,,12865.0,2535.0,0.00321625,0.00063375,2,0,100.72532439231873,0.0,False,,"[""4bacc7e1e8""]","[""cuad-91""]"
cuad-final-mab-k6-j4-budget50-seed42,3e74ce28ed,1-81dd1f8073-180faa2848,81dd1f8073-180faa2848,81dd1f8073,180faa2848,MixtureOfAgentsConvert,81,0ba4ffe105,,0.006535249999999999,109.49680304527283,True,,22873.0,3268.0,0.005718249999999999,0.000817,2,0,109.49235963821411,0.0,False,,"[""dcd89bbde1""]","[""cuad-61""]"
cuad-final-mab-k6-j4-budget50-seed42,3e74ce28ed,1-81dd1f8073-180faa2848,81dd1f8073-180faa2848,81dd1f8073,180faa2848,MixtureOfAgentsConvert,82,7c36b26eec,,0.0038472499999999995,121.87172079086304,True,,12153.0,3236.0,0.0030382499999999997,0.0008089999999999999,2,0,121.86747860908508,0.0,False,,"[""792b4ad4cd""]","[""cuad-8""]"
cuad-final-mab-k6-j4-budget50-seed42,3e74ce28ed,1-81dd1f8073-180faa2848,81dd1f8073-180faa2848,81dd1f8073,180faa2848,MixtureOfAgentsConvert,83,a58be30e5d,,0.0039854999999999995,103.24834299087524,True,,12594.0,3348.0,0.0031485,0.000837,2,0,103.24447464942932,0.0,False,,"[""bf0c75401f""]","[""cuad-33""]"
cuad-final-mab-k6-j4-budget50-seed42,3e74ce28ed,1-81dd1f8073-180faa2848,81dd1f8073-180faa2848,81dd1f8073,180faa2848,MixtureOfAgentsConvert,84,1bbae8259e,,0.006488,103.75459480285645,True,,23512.0,2440.0,0.0058779999999999995,0.00061,2,0,103.7498300075531,0.0,True,,"[""75b3eebc70""]","[""cuad-41""]"
cuad-final-mab-k6-j4-budget50-seed42,3e74ce28ed,1-81dd1f8073-180faa2848,81dd1f8073-180faa2848,81dd1f8073,180faa2848,MixtureOfAgentsConvert,85,19d7a7bb10,,0.0009707499999999999,12.409785985946655,True,,3513.0,370.0,0.0008782499999999999,9.25e-05,2,0,12.403388261795044,0.0,False,,"[""e2548aaf4c""]","[""cuad-12""]"
cuad-final-mab-k6-j4-budget50-seed42,3e74ce28ed,1-81dd1f8073-180faa2848,81dd1f8073-180faa2848,81dd1f8073,180faa2848,MixtureOfAgentsConvert,86,ca955936e0,,0.0009707499999999999,26.167414665222168,True,,3513.0,370.0,0.0008782499999999999,9.25e-05,2,0,26.162424325942993,0.0,False,,"[""53fed8f2d5""]","[""cuad-10""]"
cuad-final-mab-k6-j4-budget50-seed42,3e74ce28ed,1-81dd1f8073-180faa2848,81dd1f8073-180faa2848,81dd1f8073,180faa2848,MixtureOfAgentsConvert,87,23b3d48834,,0.0009707499999999999,11.374135971069336,True,,3513.0,370.0,0.0008782499999999999,9.25e-05,2,0,11.370322227478027,0.0,False,,"[""2000f7c692""]","[""cuad-96""]"
cuad-final-mab-k6-j4-budget50-seed42,3e74ce28ed,1-81dd1f8073-180faa2848,81dd1f8073-180faa2848,81dd1f8073,180faa2848,MixtureOfAgentsConvert,88,352c9a31f2,,0.004457999999999999,112.02880835533142,True,,14924.0,2908.0,0.003731,0.0007269999999999999,2,0,112.02516770362854,0.0,False,,"[""83f896703b""]","[""cuad-51""]"
cuad-final-mab-k6-j4-budget50-seed42,3e74ce28ed,1-81dd1f8073-180faa2848,81dd1f8073-180faa2848,81dd1f8073,180faa2848,MixtureOfAgentsConvert,89,af2e297848,,0.0039022499999999995,122.289959192276,True,,12865.0,2744.0,0.00321625,0.000686,2,0,122.28506851196289,0.0,False,,"[""df02edca7a""]","[""cuad-14""]"
cuad-final-mab-k6-j4-budget50-seed42,3e74ce28ed,1-81dd1f8073-180faa2848,81dd1f8073-180faa2848,81dd1f8073,180faa2848,MixtureOfAgentsConvert,90,293466642b,,0.00400875,109.2475311756134,True,,13255.0,2780.0,0.00331375,0.000695,2,0,109.2430350780487,0.0,False,,"[""373987e09b""]","[""cuad-20""]"
cuad-final-mab-k6-j4-budget50-seed42,3e74ce28ed,1-81dd1f8073-180faa2848,81dd1f8073-180faa2848,81dd1f8073,180faa2848,MixtureOfAgentsConvert,91,b7daaf1735,,0.0053625,137.13646030426025,True,,18251.0,3199.0,0.00456275,0.00079975,2,0,137.1329755783081,0.0,False,,"[""65d57c4355""]","[""cuad-34""]"
cuad-final-mab-k6-j4-budget50-seed42,3e74ce28ed,1-81dd1f8073-180faa2848,81dd1f8073-180faa2848,81dd1f8073,180faa2848,MixtureOfAgentsConvert,92,6c4838e87b,,0.0033332499999999994,124.62897634506226,True,,10492.0,2841.0,0.0026229999999999995,0.00071025,2,0,124.62517857551575,0.0,False,,"[""6eec3381d3""]","[""cuad-89""]"
cuad-final-mab-k6-j4-budget50-seed42,3e74ce28ed,1-81dd1f8073-180faa2848,81dd1f8073-180faa2848,81dd1f8073,180faa2848,MixtureOfAgentsConvert,93,0a7d39cc80,,0.006479749999999999,97.70071339607239,True,,23511.0,2408.0,0.005877749999999999,0.000602,2,0,97.69554924964905,0.0,True,,"[""dd7ab79213""]","[""cuad-47""]"
cuad-final-mab-k6-j4-budget50-seed42,3e74ce28ed,1-81dd1f8073-180faa2848,81dd1f8073-180faa2848,81dd1f8073,180faa2848,MixtureOfAgentsConvert,94,3dae2d97e2,,0.005914249999999999,147.68496465682983,True,,18783.0,4874.0,0.00469575,0.0012185,2,0,147.67991638183594,0.0,False,,"[""468cbef32c""]","[""cuad-40""]"
cuad-final-mab-k6-j4-budget50-seed42,3e74ce28ed,1-81dd1f8073-180faa2848,81dd1f8073-180faa2848,81dd1f8073,180faa2848,MixtureOfAgentsConvert,95,76565b2385,,0.00413325,69.2203357219696,True,,14294.0,2239.0,0.0035735,0.0005597499999999999,2,0,69.21641302108765,0.0,False,,"[""28f8365d31""]","[""cuad-52""]"
cuad-final-mab-k6-j4-budget50-seed42,3e74ce28ed,1-81dd1f8073-180faa2848,81dd1f8073-180faa2848,81dd1f8073,180faa2848,MixtureOfAgentsConvert,96,dc818f1810,,0.0040505,118.04074168205261,True,,13045.0,3157.0,0.00326125,0.0007892499999999999,2,0,118.03650283813477,0.0,True,,"[""c4d5b33e4e""]","[""cuad-70""]"
cuad-final-mab-k6-j4-budget50-seed42,3e74ce28ed,1-81dd1f8073-180faa2848,81dd1f8073-180faa2848,81dd1f8073,180faa2848,MixtureOfAgentsConvert,97,140bae1c13,,0.00321525,97.70049571990967,True,,9974.0,2887.0,0.0024935,0.00072175,2,0,97.69685101509094,0.0,False,,"[""d4b2ea52f9""]","[""cuad-87""]"
cuad-final-mab-k6-j4-budget50-seed42,3e74ce28ed,1-81dd1f8073-180faa2848,81dd1f8073-180faa2848,81dd1f8073,180faa2848,MixtureOfAgentsConvert,98,2938662500,,0.0046245,103.14945793151855,True,,15533.0,2965.0,0.00388325,0.0007412499999999999,2,0,103.1459128856659,0.0,False,,"[""4e150ad250""]","[""cuad-6""]"
cuad-final-mab-k6-j4-budget50-seed42,3e74ce28ed,1-81dd1f8073-180faa2848,81dd1f8073-180faa2848,81dd1f8073,180faa2848,MixtureOfAgentsConvert,99,3af08c075f,,0.004545250000000001,364.8060178756714,True,,15286.0,2895.0,0.0038215000000000002,0.00072375,2,0,364.80256724357605,0.0,False,,"[""b36f535c6b""]","[""cuad-38""]"
