run_id,sentinel_plan_id,unique_logical_op_id,full_op_id,logical_op_id,physical_op_id,op_name,iteration,obs_index,record_id,quality,cost_per_record,time_per_record,passed_operator,model_name,total_input_tokens,total_output_tokens,total_input_cost,total_output_cost,total_llm_calls,total_embedding_llm_calls,llm_call_duration_secs,fn_call_duration_secs,failed_convert,error_type,record_parent_ids,record_source_indices,plan_id
cuad-final-mab-k6-j4-budget50-seed42,a5cbf86a11,0-022b755afd,022b755afd-f987dae6bd,022b755afd,f987dae6bd,MarshalAndScanDataOp,,0,996d1a52dd,1.0,0.0,3.337860107421875e-06,True,,0.0,0.0,0.0,0.0,0,0,0.0,0.0,,,,"[""cuad-19""]",a5cbf86a11
cuad-final-mab-k6-j4-budget50-seed42,a5cbf86a11,0-022b755afd,022b755afd-f987dae6bd,022b755afd,f987dae6bd,MarshalAndScanDataOp,,1,373987e09b,1.0,0.0,2.1457672119140625e-06,True,,0.0,0.0,0.0,0.0,0,0,0.0,0.0,,,,"[""cuad-20""]",a5cbf86a11
cuad-final-mab-k6-j4-budget50-seed42,a5cbf86a11,0-022b755afd,022b755afd-f987dae6bd,022b755afd,f987dae6bd,MarshalAndScanDataOp,,2,4740f75a9f,1.0,0.0,7.152557373046875e-07,True,,0.0,0.0,0.0,0.0,0,0,0.0,0.0,,,,"[""cuad-16""]",a5cbf86a11
cuad-final-mab-k6-j4-budget50-seed42,a5cbf86a11,0-022b755afd,022b755afd-f987dae6bd,022b755afd,f987dae6bd,MarshalAndScanDataOp,,3,30dd551a16,1.0,0.0,1.1920928955078125e-06,True,,0.0,0.0,0.0,0.0,0,0,0.0,0.0,,,,"[""cuad-15""]",a5cbf86a11
cuad-final-mab-k6-j4-budget50-seed42,a5cbf86a11,0-022b755afd,022b755afd-f987dae6bd,022b755afd,f987dae6bd,MarshalAndScanDataOp,,4,3839095d99,1.0,0.0,2.6226043701171875e-06,True,,0.0,0.0,0.0,0.0,0,0,0.0,0.0,,,,"[""cuad-9""]",a5cbf86a11
cuad-final-mab-k6-j4-budget50-seed42,a5cbf86a11,0-022b755afd,022b755afd-f987dae6bd,022b755afd,f987dae6bd,MarshalAndScanDataOp,,5,20898b20c7,1.0,0.0,2.1457672119140625e-06,True,,0.0,0.0,0.0,0.0,0,0,0.0,0.0,,,,"[""cuad-7""]",a5cbf86a11
cuad-final-mab-k6-j4-budget50-seed42,a5cbf86a11,0-022b755afd,022b755afd-f987dae6bd,022b755afd,f987dae6bd,MarshalAndScanDataOp,,6,eae3597c16,1.0,0.0,2.384185791015625e-06,True,,0.0,0.0,0.0,0.0,0,0,0.0,0.0,,,,"[""cuad-17""]",a5cbf86a11
cuad-final-mab-k6-j4-budget50-seed42,a5cbf86a11,0-022b755afd,022b755afd-f987dae6bd,022b755afd,f987dae6bd,MarshalAndScanDataOp,,7,0d88534bd5,1.0,0.0,1.6689300537109375e-06,True,,0.0,0.0,0.0,0.0,0,0,0.0,0.0,,,,"[""cuad-24""]",a5cbf86a11
cuad-final-mab-k6-j4-budget50-seed42,a5cbf86a11,0-022b755afd,022b755afd-f987dae6bd,022b755afd,f987dae6bd,MarshalAndScanDataOp,,8,4e150ad250,1.0,0.0,1.9073486328125e-06,True,,0.0,0.0,0.0,0.0,0,0,0.0,0.0,,,,"[""cuad-6""]",a5cbf86a11
cuad-final-mab-k6-j4-budget50-seed42,a5cbf86a11,1-81dd1f8073,81dd1f8073-180faa2848,81dd1f8073,180faa2848,MixtureOfAgentsConvert,,0,6d3ee336ba,,0.0009707499999999999,14.315680503845215,True,,3513.0,370.0,0.0008782499999999999,9.25e-05,2,0,14.310321569442749,0.0,False,,"[""30dd551a16""]","[""cuad-15""]",a5cbf86a11
cuad-final-mab-k6-j4-budget50-seed42,a5cbf86a11,1-81dd1f8073,81dd1f8073-180faa2848,81dd1f8073,180faa2848,MixtureOfAgentsConvert,,1,fbcd8786b3,,0.00327475,83.27824449539185,True,,10526.0,2573.0,0.0026315,0.0006432499999999999,2,0,83.2733108997345,0.0,False,,"[""4740f75a9f""]","[""cuad-16""]",a5cbf86a11
cuad-final-mab-k6-j4-budget50-seed42,a5cbf86a11,1-81dd1f8073,81dd1f8073-180faa2848,81dd1f8073,180faa2848,MixtureOfAgentsConvert,,2,75caf980e8,,0.00575575,107.37766742706299,True,,19686.0,3337.0,0.0049215,0.0008342499999999999,2,0,107.3716368675232,0.0,True,,"[""996d1a52dd""]","[""cuad-19""]",a5cbf86a11
cuad-final-mab-k6-j4-budget50-seed42,a5cbf86a11,1-81dd1f8073,81dd1f8073-180faa2848,81dd1f8073,180faa2848,MixtureOfAgentsConvert,,3,293466642b,,0.004147,124.9424991607666,True,,12753.0,3835.0,0.00318825,0.00095875,2,0,124.93833088874817,0.0,False,,"[""373987e09b""]","[""cuad-20""]",a5cbf86a11
cuad-final-mab-k6-j4-budget50-seed42,a5cbf86a11,1-81dd1f8073,81dd1f8073-180faa2848,81dd1f8073,180faa2848,MixtureOfAgentsConvert,,4,344a8fc6fd,,0.0009707499999999999,6.0238356590271,True,,3513.0,370.0,0.0008782499999999999,9.25e-05,2,0,6.0190722942352295,0.0,False,,"[""3839095d99""]","[""cuad-9""]",a5cbf86a11
cuad-final-mab-k6-j4-budget50-seed42,a5cbf86a11,1-81dd1f8073,81dd1f8073-180faa2848,81dd1f8073,180faa2848,MixtureOfAgentsConvert,,5,acc210cbcc,,0.0043985,53.10684609413147,True,,15105.0,2489.0,0.0037762499999999997,0.00062225,2,0,53.09730529785156,0.0,False,,"[""20898b20c7""]","[""cuad-7""]",a5cbf86a11
cuad-final-mab-k6-j4-budget50-seed42,a5cbf86a11,1-81dd1f8073,81dd1f8073-180faa2848,81dd1f8073,180faa2848,MixtureOfAgentsConvert,,6,c1f96777d0,,0.0009707499999999999,6.054846525192261,True,,3513.0,370.0,0.0008782499999999999,9.25e-05,2,0,6.049097299575806,0.0,False,,"[""eae3597c16""]","[""cuad-17""]",a5cbf86a11
cuad-final-mab-k6-j4-budget50-seed42,a5cbf86a11,1-81dd1f8073,81dd1f8073-180faa2848,81dd1f8073,180faa2848,MixtureOfAgentsConvert,,7,c6214c30f4,,0.0036219999999999994,45.53852391242981,True,,12416.0,2072.0,0.003104,0.000518,2,0,45.53494477272034,0.0,False,,"[""0d88534bd5""]","[""cuad-24""]",a5cbf86a11
cuad-final-mab-k6-j4-budget50-seed42,a5cbf86a11,1-81dd1f8073,81dd1f8073-180faa2848,81dd1f8073,180faa2848,MixtureOfAgentsConvert,,8,2938662500,,0.0009707499999999999,6.1499903202056885,True,,3513.0,370.0,0.0008782499999999999,9.25e-05,2,0,6.143766403198242,0.0,False,,"[""4e150ad250""]","[""cuad-6""]",a5cbf86a11
cuad-final-mab-k6-j4-budget50-seed42,a5cbf86a11,1-81dd1f8073,81dd1f8073-4040af430f,81dd1f8073,4040af430f,CriticAndRefineConvert,,0,6d3ee336ba,,0.0056042,42.99849057197571,True,hosted_vllm/meta-llama/Llama-3.1-8B-Instruct,27976.0,1436.0,0.0053174,0.0002868,3,0,42.99076819419861,0.0,False,,"[""30dd551a16""]","[""cuad-15""]",a5cbf86a11
cuad-final-mab-k6-j4-budget50-seed42,a5cbf86a11,1-81dd1f8073,81dd1f8073-4040af430f,81dd1f8073,4040af430f,CriticAndRefineConvert,,1,fbcd8786b3,,0.0047947,81.74361824989319,True,hosted_vllm/meta-llama/Llama-3.1-8B-Instruct,21513.0,2761.0,0.0042346499999999995,0.00056005,3,0,81.73741412162781,0.0,True,,"[""4740f75a9f""]","[""cuad-16""]",a5cbf86a11
cuad-final-mab-k6-j4-budget50-seed42,a5cbf86a11,1-81dd1f8073,81dd1f8073-4040af430f,81dd1f8073,4040af430f,CriticAndRefineConvert,,2,75caf980e8,,0.006812499999999999,97.37691187858582,True,hosted_vllm/meta-llama/Llama-3.1-8B-Instruct,31917.0,3749.0,0.00632165,0.0004908499999999999,3,0,97.3706545829773,0.0,False,,"[""996d1a52dd""]","[""cuad-19""]",a5cbf86a11
cuad-final-mab-k6-j4-budget50-seed42,a5cbf86a11,1-81dd1f8073,81dd1f8073-4040af430f,81dd1f8073,4040af430f,CriticAndRefineConvert,,3,293466642b,,0.0045108,44.250377893447876,True,hosted_vllm/meta-llama/Llama-3.1-8B-Instruct,22056.0,1492.0,0.0042124,0.0002984,3,0,44.24398636817932,0.0,False,,"[""373987e09b""]","[""cuad-20""]",a5cbf86a11
cuad-final-mab-k6-j4-budget50-seed42,a5cbf86a11,1-81dd1f8073,81dd1f8073-4040af430f,81dd1f8073,4040af430f,CriticAndRefineConvert,,4,344a8fc6fd,,0.0073341,86.59610795974731,True,hosted_vllm/meta-llama/Llama-3.1-8B-Instruct,34438.0,4260.0,0.0068489,0.0004852,3,0,86.58697748184204,0.0,False,,"[""3839095d99""]","[""cuad-9""]",a5cbf86a11
cuad-final-mab-k6-j4-budget50-seed42,a5cbf86a11,1-81dd1f8073,81dd1f8073-4040af430f,81dd1f8073,4040af430f,CriticAndRefineConvert,,5,acc210cbcc,,0.008820449999999999,167.94236207008362,True,hosted_vllm/meta-llama/Llama-3.1-8B-Instruct,39168.0,7021.0,0.0079802,0.00084025,3,0,167.93434619903564,0.0,True,,"[""20898b20c7""]","[""cuad-7""]",a5cbf86a11
cuad-final-mab-k6-j4-budget50-seed42,a5cbf86a11,1-81dd1f8073,81dd1f8073-4040af430f,81dd1f8073,4040af430f,CriticAndRefineConvert,,6,c1f96777d0,,0.007298799999999999,78.32244944572449,True,hosted_vllm/meta-llama/Llama-3.1-8B-Instruct,34377.0,3903.0,0.006812049999999999,0.00048675,3,0,78.31356048583984,0.0,False,,"[""eae3597c16""]","[""cuad-17""]",a5cbf86a11
cuad-final-mab-k6-j4-budget50-seed42,a5cbf86a11,1-81dd1f8073,81dd1f8073-4040af430f,81dd1f8073,4040af430f,CriticAndRefineConvert,,7,c6214c30f4,,0.0067087,109.6921398639679,True,hosted_vllm/meta-llama/Llama-3.1-8B-Instruct,29818.0,5156.0,0.0059637,0.000745,3,0,109.67769122123718,0.0,True,,"[""0d88534bd5""]","[""cuad-24""]",a5cbf86a11
cuad-final-mab-k6-j4-budget50-seed42,a5cbf86a11,1-81dd1f8073,81dd1f8073-4040af430f,81dd1f8073,4040af430f,CriticAndRefineConvert,,8,2938662500,,0.008317749999999999,87.09117722511292,True,hosted_vllm/meta-llama/Llama-3.1-8B-Instruct,38098.0,4389.0,0.0076933,0.0006244499999999999,3,0,87.07574796676636,0.0,False,,"[""4e150ad250""]","[""cuad-6""]",a5cbf86a11
cuad-final-mab-k6-j4-budget50-seed42,a5cbf86a11,1-81dd1f8073,81dd1f8073-54fa573e30,81dd1f8073,54fa573e30,MixtureOfAgentsConvert,,0,6d3ee336ba,,0.0009707499999999999,9.610024213790894,True,,3513.0,370.0,0.0008782499999999999,9.25e-05,2,0,9.60525369644165,0.0,False,,"[""30dd551a16""]","[""cuad-15""]",a5cbf86a11
cuad-final-mab-k6-j4-budget50-seed42,a5cbf86a11,1-81dd1f8073,81dd1f8073-54fa573e30,81dd1f8073,54fa573e30,MixtureOfAgentsConvert,,1,fbcd8786b3,,0.0029274999999999995,53.683531761169434,True,,10040.0,1670.0,0.00251,0.0004175,2,0,53.67956876754761,0.0,True,,"[""4740f75a9f""]","[""cuad-16""]",a5cbf86a11
cuad-final-mab-k6-j4-budget50-seed42,a5cbf86a11,1-81dd1f8073,81dd1f8073-54fa573e30,81dd1f8073,54fa573e30,MixtureOfAgentsConvert,,2,75caf980e8,,0.007080499999999999,166.62259817123413,True,,22262.0,6060.0,0.005565499999999999,0.0015149999999999999,2,0,166.61885285377502,0.0,True,,"[""996d1a52dd""]","[""cuad-19""]",a5cbf86a11
cuad-final-mab-k6-j4-budget50-seed42,a5cbf86a11,1-81dd1f8073,81dd1f8073-54fa573e30,81dd1f8073,54fa573e30,MixtureOfAgentsConvert,,3,293466642b,,0.00300675,56.6142783164978,True,,10560.0,1467.0,0.00264,0.00036675,2,0,56.610389947891235,0.0,True,,"[""373987e09b""]","[""cuad-20""]",a5cbf86a11
cuad-final-mab-k6-j4-budget50-seed42,a5cbf86a11,1-81dd1f8073,81dd1f8073-54fa573e30,81dd1f8073,54fa573e30,MixtureOfAgentsConvert,,4,344a8fc6fd,,0.0009707499999999999,6.015947580337524,True,,3513.0,370.0,0.0008782499999999999,9.25e-05,2,0,6.012588739395142,0.0,False,,"[""3839095d99""]","[""cuad-9""]",a5cbf86a11
cuad-final-mab-k6-j4-budget50-seed42,a5cbf86a11,1-81dd1f8073,81dd1f8073-54fa573e30,81dd1f8073,54fa573e30,MixtureOfAgentsConvert,,5,acc210cbcc,,0.0038965,31.51633930206299,True,,14113.0,1473.0,0.0035282499999999997,0.00036825,2,0,31.5118727684021,0.0,False,,"[""20898b20c7""]","[""cuad-7""]",a5cbf86a11
cuad-final-mab-k6-j4-budget50-seed42,a5cbf86a11,1-81dd1f8073,81dd1f8073-54fa573e30,81dd1f8073,54fa573e30,MixtureOfAgentsConvert,,6,c1f96777d0,,0.0009707499999999999,6.0404744148254395,True,,3513.0,370.0,0.0008782499999999999,9.25e-05,2,0,6.034642457962036,0.0,False,,"[""eae3597c16""]","[""cuad-17""]",a5cbf86a11
cuad-final-mab-k6-j4-budget50-seed42,a5cbf86a11,1-81dd1f8073,81dd1f8073-54fa573e30,81dd1f8073,54fa573e30,MixtureOfAgentsConvert,,7,c6214c30f4,,0.004143249999999999,71.21580696105957,True,,13452.0,3121.0,0.0033629999999999997,0.0007802499999999999,2,0,71.2107481956482,0.0,False,,"[""0d88534bd5""]","[""cuad-24""]",a5cbf86a11
cuad-final-mab-k6-j4-budget50-seed42,a5cbf86a11,1-81dd1f8073,81dd1f8073-54fa573e30,81dd1f8073,54fa573e30,MixtureOfAgentsConvert,,8,2938662500,,0.0009707499999999999,6.125465154647827,True,,3513.0,370.0,0.0008782499999999999,9.25e-05,2,0,6.120711326599121,0.0,False,,"[""4e150ad250""]","[""cuad-6""]",a5cbf86a11
cuad-final-mab-k6-j4-budget50-seed42,a5cbf86a11,1-81dd1f8073,81dd1f8073-7767112f4f,81dd1f8073,7767112f4f,CriticAndRefineConvert,,0,6d3ee336ba,,0.0,0.5220057964324951,True,hosted_vllm/Qwen/Qwen2.5-14B-Instruct-AWQ,0.0,0.0,0.0,0.0,3,0,0.5151686668395996,0.0,True,,"[""30dd551a16""]","[""cuad-15""]",a5cbf86a11
cuad-final-mab-k6-j4-budget50-seed42,a5cbf86a11,1-81dd1f8073,81dd1f8073-7767112f4f,81dd1f8073,7767112f4f,CriticAndRefineConvert,,1,fbcd8786b3,,0.00499135,107.48879313468933,True,hosted_vllm/Qwen/Qwen2.5-14B-Instruct-AWQ,23944.0,3967.0,0.0043498,0.0006415500000000001,3,0,107.481858253479,0.0,True,,"[""4740f75a9f""]","[""cuad-16""]",a5cbf86a11
cuad-final-mab-k6-j4-budget50-seed42,a5cbf86a11,1-81dd1f8073,81dd1f8073-7767112f4f,81dd1f8073,7767112f4f,CriticAndRefineConvert,,2,75caf980e8,,0.004999999999999999,160.8491609096527,True,hosted_vllm/Qwen/Qwen2.5-14B-Instruct-AWQ,13836.0,6164.0,0.003459,0.0015409999999999998,3,0,160.84024786949158,0.0,True,,"[""996d1a52dd""]","[""cuad-19""]",a5cbf86a11
cuad-final-mab-k6-j4-budget50-seed42,a5cbf86a11,1-81dd1f8073,81dd1f8073-7767112f4f,81dd1f8073,7767112f4f,CriticAndRefineConvert,,3,293466642b,,0.0059421,163.32088327407837,True,hosted_vllm/Qwen/Qwen2.5-14B-Instruct-AWQ,27452.0,6274.0,0.0051746,0.0007675,3,0,163.31120705604553,0.0,True,,"[""373987e09b""]","[""cuad-20""]",a5cbf86a11
cuad-final-mab-k6-j4-budget50-seed42,a5cbf86a11,1-81dd1f8073,81dd1f8073-7767112f4f,81dd1f8073,7767112f4f,CriticAndRefineConvert,,4,344a8fc6fd,,0.0,0.683143138885498,True,hosted_vllm/Qwen/Qwen2.5-14B-Instruct-AWQ,0.0,0.0,0.0,0.0,3,0,0.6788365840911865,0.0,True,,"[""3839095d99""]","[""cuad-9""]",a5cbf86a11
cuad-final-mab-k6-j4-budget50-seed42,a5cbf86a11,1-81dd1f8073,81dd1f8073-7767112f4f,81dd1f8073,7767112f4f,CriticAndRefineConvert,,5,acc210cbcc,,0.00708465,84.99222588539124,True,hosted_vllm/Qwen/Qwen2.5-14B-Instruct-AWQ,35114.0,3731.0,0.006348299999999999,0.00073635,3,0,84.98244619369507,0.0,True,,"[""20898b20c7""]","[""cuad-7""]",a5cbf86a11
cuad-final-mab-k6-j4-budget50-seed42,a5cbf86a11,1-81dd1f8073,81dd1f8073-7767112f4f,81dd1f8073,7767112f4f,CriticAndRefineConvert,,6,c1f96777d0,,0.0,0.8918154239654541,True,hosted_vllm/Qwen/Qwen2.5-14B-Instruct-AWQ,0.0,0.0,0.0,0.0,3,0,0.887284517288208,0.0,True,,"[""eae3597c16""]","[""cuad-17""]",a5cbf86a11
cuad-final-mab-k6-j4-budget50-seed42,a5cbf86a11,1-81dd1f8073,81dd1f8073-7767112f4f,81dd1f8073,7767112f4f,CriticAndRefineConvert,,7,c6214c30f4,,0.0051457,62.46799373626709,True,hosted_vllm/Qwen/Qwen2.5-14B-Instruct-AWQ,26084.0,2586.0,0.004835,0.00031069999999999996,3,0,62.457581520080566,0.0,True,,"[""0d88534bd5""]","[""cuad-24""]",a5cbf86a11
cuad-final-mab-k6-j4-budget50-seed42,a5cbf86a11,1-81dd1f8073,81dd1f8073-7767112f4f,81dd1f8073,7767112f4f,CriticAndRefineConvert,,8,2938662500,,0.0,1.0844194889068604,True,hosted_vllm/Qwen/Qwen2.5-14B-Instruct-AWQ,0.0,0.0,0.0,0.0,3,0,1.0793354511260986,0.0,True,,"[""4e150ad250""]","[""cuad-6""]",a5cbf86a11
cuad-final-mab-k6-j4-budget50-seed42,a5cbf86a11,1-81dd1f8073,81dd1f8073-c648515643,81dd1f8073,c648515643,LLMConvertBonded,,0,6d3ee336ba,,0.0,7.224358797073364,True,hosted_vllm/Qwen/Qwen2.5-14B-Instruct-AWQ,0.0,0.0,0.0,0.0,42,0,7.1748857498168945,0.0,True,,"[""30dd551a16""]","[""cuad-15""]",a5cbf86a11
cuad-final-mab-k6-j4-budget50-seed42,a5cbf86a11,1-81dd1f8073,81dd1f8073-c648515643,81dd1f8073,c648515643,LLMConvertBonded,,1,fbcd8786b3,,0.0017337499999999998,28.713363885879517,True,hosted_vllm/Qwen/Qwen2.5-14B-Instruct-AWQ,5760.0,1175.0,0.0014399999999999999,0.00029375,1,0,28.71102213859558,0.0,False,,"[""4740f75a9f""]","[""cuad-16""]",a5cbf86a11
cuad-final-mab-k6-j4-budget50-seed42,a5cbf86a11,1-81dd1f8073,81dd1f8073-c648515643,81dd1f8073,c648515643,LLMConvertBonded,,2,75caf980e8,,0.12001849999999999,361.70890164375305,True,hosted_vllm/Qwen/Qwen2.5-14B-Instruct-AWQ,465832.0,14242.0,0.11645799999999998,0.0035605,42,0,361.63897824287415,0.0,False,,"[""996d1a52dd""]","[""cuad-19""]",a5cbf86a11
cuad-final-mab-k6-j4-budget50-seed42,a5cbf86a11,1-81dd1f8073,81dd1f8073-c648515643,81dd1f8073,c648515643,LLMConvertBonded,,3,293466642b,,0.0020784999999999996,42.01677060127258,True,hosted_vllm/Qwen/Qwen2.5-14B-Instruct-AWQ,6523.0,1791.0,0.0016307499999999998,0.00044774999999999996,1,0,42.01428484916687,0.0,False,,"[""373987e09b""]","[""cuad-20""]",a5cbf86a11
cuad-final-mab-k6-j4-budget50-seed42,a5cbf86a11,1-81dd1f8073,81dd1f8073-c648515643,81dd1f8073,c648515643,LLMConvertBonded,,4,344a8fc6fd,,0.0,6.788644313812256,True,hosted_vllm/Qwen/Qwen2.5-14B-Instruct-AWQ,0.0,0.0,0.0,0.0,42,0,6.752578973770142,0.0,True,,"[""3839095d99""]","[""cuad-9""]",a5cbf86a11
cuad-final-mab-k6-j4-budget50-seed42,a5cbf86a11,1-81dd1f8073,81dd1f8073-c648515643,81dd1f8073,c648515643,LLMConvertBonded,,5,acc210cbcc,,0.07438849999999998,209.9839849472046,True,hosted_vllm/Qwen/Qwen2.5-14B-Instruct-AWQ,288886.0,8668.0,0.07222150000000001,0.002167,42,0,209.918598651886,0.0,False,,"[""20898b20c7""]","[""cuad-7""]",a5cbf86a11
cuad-final-mab-k6-j4-budget50-seed42,a5cbf86a11,1-81dd1f8073,81dd1f8073-c648515643,81dd1f8073,c648515643,LLMConvertBonded,,6,c1f96777d0,,0.0,8.15733551979065,True,hosted_vllm/Qwen/Qwen2.5-14B-Instruct-AWQ,0.0,0.0,0.0,0.0,42,0,8.115957498550415,0.0,True,,"[""eae3597c16""]","[""cuad-17""]",a5cbf86a11
cuad-final-mab-k6-j4-budget50-seed42,a5cbf86a11,1-81dd1f8073,81dd1f8073-c648515643,81dd1f8073,c648515643,LLMConvertBonded,,7,c6214c30f4,,0.05172925000000001,170.72199416160583,True,hosted_vllm/Qwen/Qwen2.5-14B-Instruct-AWQ,198754.0,8163.0,0.0496885,0.0020407500000000005,42,0,170.64882135391235,0.0,False,,"[""0d88534bd5""]","[""cuad-24""]",a5cbf86a11
cuad-final-mab-k6-j4-budget50-seed42,a5cbf86a11,1-81dd1f8073,81dd1f8073-c648515643,81dd1f8073,c648515643,LLMConvertBonded,,8,2938662500,,0.0,9.079365253448486,True,hosted_vllm/Qwen/Qwen2.5-14B-Instruct-AWQ,0.0,0.0,0.0,0.0,42,0,9.03669261932373,0.0,True,,"[""4e150ad250""]","[""cuad-6""]",a5cbf86a11
cuad-final-mab-k6-j4-budget50-seed42,a5cbf86a11,1-81dd1f8073,81dd1f8073-cb54eecb45,81dd1f8073,cb54eecb45,CriticAndRefineConvert,,0,6d3ee336ba,,0.00410165,77.17682814598083,True,hosted_vllm/meta-llama/Llama-3.1-8B-Instruct,29408.0,3237.0,0.0038234,0.00027824999999999996,3,0,77.16690993309021,0.0,False,,"[""30dd551a16""]","[""cuad-15""]",a5cbf86a11
cuad-final-mab-k6-j4-budget50-seed42,a5cbf86a11,1-81dd1f8073,81dd1f8073-cb54eecb45,81dd1f8073,cb54eecb45,CriticAndRefineConvert,,1,fbcd8786b3,,0.00308095,68.64799308776855,True,hosted_vllm/meta-llama/Llama-3.1-8B-Instruct,21519.0,2752.0,0.00280375,0.0002772,3,0,68.64427351951599,0.0,False,,"[""4740f75a9f""]","[""cuad-16""]",a5cbf86a11
cuad-final-mab-k6-j4-budget50-seed42,a5cbf86a11,1-81dd1f8073,81dd1f8073-cb54eecb45,81dd1f8073,cb54eecb45,CriticAndRefineConvert,,2,75caf980e8,,0.004796699999999999,127.0566303730011,True,hosted_vllm/meta-llama/Llama-3.1-8B-Instruct,32929.0,5321.0,0.00431985,0.00047685,3,0,127.04930663108826,0.0,True,,"[""996d1a52dd""]","[""cuad-19""]",a5cbf86a11
cuad-final-mab-k6-j4-budget50-seed42,a5cbf86a11,1-81dd1f8073,81dd1f8073-cb54eecb45,81dd1f8073,cb54eecb45,CriticAndRefineConvert,,3,293466642b,,0.0029806999999999998,42.88760995864868,True,hosted_vllm/meta-llama/Llama-3.1-8B-Instruct,22336.0,1794.0,0.0028012,0.00017949999999999997,3,0,42.88384222984314,0.0,False,,"[""373987e09b""]","[""cuad-20""]",a5cbf86a11
cuad-final-mab-k6-j4-budget50-seed42,a5cbf86a11,1-81dd1f8073,81dd1f8073-cb54eecb45,81dd1f8073,cb54eecb45,CriticAndRefineConvert,,4,344a8fc6fd,,0.0047580999999999995,90.5606586933136,True,hosted_vllm/meta-llama/Llama-3.1-8B-Instruct,34598.0,4476.0,0.0044399,0.0003182,3,0,90.55507183074951,0.0,False,,"[""3839095d99""]","[""cuad-9""]",a5cbf86a11
cuad-final-mab-k6-j4-budget50-seed42,a5cbf86a11,1-81dd1f8073,81dd1f8073-cb54eecb45,81dd1f8073,cb54eecb45,CriticAndRefineConvert,,5,acc210cbcc,,0.00563485,159.54502177238464,True,hosted_vllm/meta-llama/Llama-3.1-8B-Instruct,38848.0,6921.0,0.0050755999999999996,0.00055925,3,0,159.5266308784485,0.0,True,,"[""20898b20c7""]","[""cuad-7""]",a5cbf86a11
cuad-final-mab-k6-j4-budget50-seed42,a5cbf86a11,1-81dd1f8073,81dd1f8073-cb54eecb45,81dd1f8073,cb54eecb45,CriticAndRefineConvert,,6,c1f96777d0,,0.004822,86.79747819900513,True,hosted_vllm/meta-llama/Llama-3.1-8B-Instruct,34770.0,4354.0,0.0044763,0.0003457,3,0,86.78143739700317,0.0,False,,"[""eae3597c16""]","[""cuad-17""]",a5cbf86a11
cuad-final-mab-k6-j4-budget50-seed42,a5cbf86a11,1-81dd1f8073,81dd1f8073-cb54eecb45,81dd1f8073,cb54eecb45,CriticAndRefineConvert,,7,c6214c30f4,,0.0048436,135.20123171806335,True,hosted_vllm/meta-llama/Llama-3.1-8B-Instruct,31833.0,6535.0,0.0043348499999999995,0.0005087500000000001,3,0,135.18876719474792,0.0,True,,"[""0d88534bd5""]","[""cuad-24""]",a5cbf86a11
cuad-final-mab-k6-j4-budget50-seed42,a5cbf86a11,1-81dd1f8073,81dd1f8073-cb54eecb45,81dd1f8073,cb54eecb45,CriticAndRefineConvert,,8,2938662500,,0.006064449999999999,134.215833902359,True,hosted_vllm/meta-llama/Llama-3.1-8B-Instruct,40029.0,6808.0,0.00540245,0.000662,3,0,134.20569968223572,0.0,True,,"[""4e150ad250""]","[""cuad-6""]",a5cbf86a11
