full_op_id,logical_op_id,physical_op_id,op_name,op_details_json,phase,first_seen_run_id
022b755afd-f987dae6bd,022b755afd,f987dae6bd,MarshalAndScanDataOp,"{""datasource_id"": ""cuad""}",both,cuad-final-mab-k6-j4-budget50-seed42
81dd1f8073-02a9ab4f15,81dd1f8073,02a9ab4f15,MixtureOfAgentsConvert,"{""aggregator_model"": ""hosted_vllm/meta-llama/Llama-3.1-8B-Instruct"", ""aggregator_prompt_strategy"": ""chain-of-thought-mixture-of-agents-aggregation"", ""cardinality"": ""one-to-one"", ""desc"": ""None"", ""model"": ""None"", ""prompt_strategy"": ""None"", ""proposer_models"": ""['hosted_vllm/Qwen/Qwen2.5-14B-Instruct-AWQ', 'hosted_vllm/meta-llama/Llama-3.1-8B-Instruct']"", ""proposer_prompt_strategy"": ""chain-of-thought-mixture-of-agents-proposer"", ""reasoning_effort"": ""None"", ""temperatures"": ""[0.8, 0.8]"", ""udf"": ""None""}",sampling,cuad-final-mab-k6-j4-budget50-seed42
81dd1f8073-04b87699c4,81dd1f8073,04b87699c4,CriticAndRefineConvert,"{""cardinality"": ""one-to-one"", ""critic_model"": ""hosted_vllm/meta-llama/Llama-3.1-8B-Instruct"", ""desc"": ""None"", ""model"": ""hosted_vllm/Qwen/Qwen2.5-14B-Instruct-AWQ"", ""prompt_strategy"": ""chain-of-thought-question"", ""reasoning_effort"": ""None"", ""refine_model"": ""hosted_vllm/meta-llama/Llama-3.1-8B-Instruct"", ""udf"": ""None""}",sampling,cuad-final-mab-k6-j4-budget50-seed42
81dd1f8073-065453b7fb,81dd1f8073,065453b7fb,MixtureOfAgentsConvert,"{""aggregator_model"": ""hosted_vllm/meta-llama/Llama-3.1-8B-Instruct"", ""aggregator_prompt_strategy"": ""chain-of-thought-mixture-of-agents-aggregation"", ""cardinality"": ""one-to-one"", ""desc"": ""None"", ""model"": ""None"", ""prompt_strategy"": ""None"", ""proposer_models"": ""['hosted_vllm/meta-llama/Llama-3.1-8B-Instruct']"", ""proposer_prompt_strategy"": ""chain-of-thought-mixture-of-agents-proposer"", ""reasoning_effort"": ""None"", ""temperatures"": ""[0.4]"", ""udf"": ""None""}",sampling,cuad-final-mab-k6-j4-budget50-seed42
81dd1f8073-0f673921b6,81dd1f8073,0f673921b6,MixtureOfAgentsConvert,"{""aggregator_model"": ""hosted_vllm/Qwen/Qwen2.5-14B-Instruct-AWQ"", ""aggregator_prompt_strategy"": ""chain-of-thought-mixture-of-agents-aggregation"", ""cardinality"": ""one-to-one"", ""desc"": ""None"", ""model"": ""None"", ""prompt_strategy"": ""None"", ""proposer_models"": ""['hosted_vllm/Qwen/Qwen2.5-14B-Instruct-AWQ', 'hosted_vllm/meta-llama/Llama-3.1-8B-Instruct']"", ""proposer_prompt_strategy"": ""chain-of-thought-mixture-of-agents-proposer"", ""reasoning_effort"": ""None"", ""temperatures"": ""[0.8, 0.8]"", ""udf"": ""None""}",sampling,cuad-final-mab-k6-j4-budget50-seed42
81dd1f8073-10f798fb2e,81dd1f8073,10f798fb2e,RAGConvert,"{""cardinality"": ""one-to-one"", ""chunk_size"": ""4000"", ""desc"": ""None"", ""model"": ""hosted_vllm/Qwen/Qwen2.5-14B-Instruct-AWQ"", ""num_chunks_per_field"": ""2"", ""prompt_strategy"": ""chain-of-thought-question"", ""reasoning_effort"": ""None"", ""udf"": ""None""}",sampling,cuad-final-mab-k6-j4-budget50-seed42
81dd1f8073-1254bafb4a,81dd1f8073,1254bafb4a,MixtureOfAgentsConvert,"{""aggregator_model"": ""hosted_vllm/meta-llama/Llama-3.1-8B-Instruct"", ""aggregator_prompt_strategy"": ""chain-of-thought-mixture-of-agents-aggregation"", ""cardinality"": ""one-to-one"", ""desc"": ""None"", ""model"": ""None"", ""prompt_strategy"": ""None"", ""proposer_models"": ""['hosted_vllm/meta-llama/Llama-3.1-8B-Instruct']"", ""proposer_prompt_strategy"": ""chain-of-thought-mixture-of-agents-proposer"", ""reasoning_effort"": ""None"", ""temperatures"": ""[0.8]"", ""udf"": ""None""}",sampling,cuad-final-mab-k6-j4-budget50-seed42
81dd1f8073-180faa2848,81dd1f8073,180faa2848,MixtureOfAgentsConvert,"{""aggregator_model"": ""hosted_vllm/Qwen/Qwen2.5-14B-Instruct-AWQ"", ""aggregator_prompt_strategy"": ""chain-of-thought-mixture-of-agents-aggregation"", ""cardinality"": ""one-to-one"", ""desc"": ""None"", ""model"": ""None"", ""prompt_strategy"": ""None"", ""proposer_models"": ""['hosted_vllm/Qwen/Qwen2.5-14B-Instruct-AWQ']"", ""proposer_prompt_strategy"": ""chain-of-thought-mixture-of-agents-proposer"", ""reasoning_effort"": ""None"", ""temperatures"": ""[0.4]"", ""udf"": ""None""}",both,cuad-final-mab-k6-j4-budget50-seed42
81dd1f8073-186970c51c,81dd1f8073,186970c51c,RAGConvert,"{""cardinality"": ""one-to-one"", ""chunk_size"": ""4000"", ""desc"": ""None"", ""model"": ""hosted_vllm/meta-llama/Llama-3.1-8B-Instruct"", ""num_chunks_per_field"": ""1"", ""prompt_strategy"": ""chain-of-thought-question"", ""reasoning_effort"": ""None"", ""udf"": ""None""}",sampling,cuad-final-mab-k6-j4-budget50-seed42
81dd1f8073-236703c585,81dd1f8073,236703c585,LLMConvertBonded,"{""cardinality"": ""one-to-one"", ""desc"": ""None"", ""model"": ""hosted_vllm/meta-llama/Llama-3.1-8B-Instruct"", ""prompt_strategy"": ""chain-of-thought-question"", ""reasoning_effort"": ""None"", ""udf"": ""None""}",sampling,cuad-final-mab-k6-j4-budget50-seed42
81dd1f8073-26a0c737f2,81dd1f8073,26a0c737f2,RAGConvert,"{""cardinality"": ""one-to-one"", ""chunk_size"": ""1000"", ""desc"": ""None"", ""model"": ""hosted_vllm/Qwen/Qwen2.5-14B-Instruct-AWQ"", ""num_chunks_per_field"": ""2"", ""prompt_strategy"": ""chain-of-thought-question"", ""reasoning_effort"": ""None"", ""udf"": ""None""}",sampling,cuad-final-mab-k6-j4-budget50-seed42
81dd1f8073-2b3983d042,81dd1f8073,2b3983d042,MixtureOfAgentsConvert,"{""aggregator_model"": ""hosted_vllm/meta-llama/Llama-3.1-8B-Instruct"", ""aggregator_prompt_strategy"": ""chain-of-thought-mixture-of-agents-aggregation"", ""cardinality"": ""one-to-one"", ""desc"": ""None"", ""model"": ""None"", ""prompt_strategy"": ""None"", ""proposer_models"": ""['hosted_vllm/Qwen/Qwen2.5-14B-Instruct-AWQ']"", ""proposer_prompt_strategy"": ""chain-of-thought-mixture-of-agents-proposer"", ""reasoning_effort"": ""None"", ""temperatures"": ""[0.4]"", ""udf"": ""None""}",sampling,cuad-final-mab-k6-j4-budget50-seed42
81dd1f8073-2d477f84fd,81dd1f8073,2d477f84fd,RAGConvert,"{""cardinality"": ""one-to-one"", ""chunk_size"": ""1000"", ""desc"": ""None"", ""model"": ""hosted_vllm/meta-llama/Llama-3.1-8B-Instruct"", ""num_chunks_per_field"": ""4"", ""prompt_strategy"": ""chain-of-thought-question"", ""reasoning_effort"": ""None"", ""udf"": ""None""}",sampling,cuad-final-mab-k6-j4-budget50-seed42
81dd1f8073-308b19e47d,81dd1f8073,308b19e47d,RAGConvert,"{""cardinality"": ""one-to-one"", ""chunk_size"": ""2000"", ""desc"": ""None"", ""model"": ""hosted_vllm/meta-llama/Llama-3.1-8B-Instruct"", ""num_chunks_per_field"": ""2"", ""prompt_strategy"": ""chain-of-thought-question"", ""reasoning_effort"": ""None"", ""udf"": ""None""}",sampling,cuad-final-mab-k6-j4-budget50-seed42
81dd1f8073-3c9f7f730c,81dd1f8073,3c9f7f730c,RAGConvert,"{""cardinality"": ""one-to-one"", ""chunk_size"": ""2000"", ""desc"": ""None"", ""model"": ""hosted_vllm/Qwen/Qwen2.5-14B-Instruct-AWQ"", ""num_chunks_per_field"": ""4"", ""prompt_strategy"": ""chain-of-thought-question"", ""reasoning_effort"": ""None"", ""udf"": ""None""}",sampling,cuad-final-mab-k6-j4-budget50-seed42
81dd1f8073-4040af430f,81dd1f8073,4040af430f,CriticAndRefineConvert,"{""cardinality"": ""one-to-one"", ""critic_model"": ""hosted_vllm/Qwen/Qwen2.5-14B-Instruct-AWQ"", ""desc"": ""None"", ""model"": ""hosted_vllm/meta-llama/Llama-3.1-8B-Instruct"", ""prompt_strategy"": ""chain-of-thought-question"", ""reasoning_effort"": ""None"", ""refine_model"": ""hosted_vllm/Qwen/Qwen2.5-14B-Instruct-AWQ"", ""udf"": ""None""}",sampling,cuad-final-mab-k6-j4-budget50-seed42
81dd1f8073-43731160e8,81dd1f8073,43731160e8,RAGConvert,"{""cardinality"": ""one-to-one"", ""chunk_size"": ""1000"", ""desc"": ""None"", ""model"": ""hosted_vllm/Qwen/Qwen2.5-14B-Instruct-AWQ"", ""num_chunks_per_field"": ""4"", ""prompt_strategy"": ""chain-of-thought-question"", ""reasoning_effort"": ""None"", ""udf"": ""None""}",sampling,cuad-final-mab-k6-j4-budget50-seed42
81dd1f8073-48af80e73a,81dd1f8073,48af80e73a,MixtureOfAgentsConvert,"{""aggregator_model"": ""hosted_vllm/meta-llama/Llama-3.1-8B-Instruct"", ""aggregator_prompt_strategy"": ""chain-of-thought-mixture-of-agents-aggregation"", ""cardinality"": ""one-to-one"", ""desc"": ""None"", ""model"": ""None"", ""prompt_strategy"": ""None"", ""proposer_models"": ""['hosted_vllm/Qwen/Qwen2.5-14B-Instruct-AWQ', 'hosted_vllm/meta-llama/Llama-3.1-8B-Instruct']"", ""proposer_prompt_strategy"": ""chain-of-thought-mixture-of-agents-proposer"", ""reasoning_effort"": ""None"", ""temperatures"": ""[0.0, 0.0]"", ""udf"": ""None""}",sampling,cuad-final-mab-k6-j4-budget50-seed42
81dd1f8073-4f35e3b8c8,81dd1f8073,4f35e3b8c8,RAGConvert,"{""cardinality"": ""one-to-one"", ""chunk_size"": ""2000"", ""desc"": ""None"", ""model"": ""hosted_vllm/meta-llama/Llama-3.1-8B-Instruct"", ""num_chunks_per_field"": ""4"", ""prompt_strategy"": ""chain-of-thought-question"", ""reasoning_effort"": ""None"", ""udf"": ""None""}",sampling,cuad-final-mab-k6-j4-budget50-seed42
81dd1f8073-52e0d360e7,81dd1f8073,52e0d360e7,RAGConvert,"{""cardinality"": ""one-to-one"", ""chunk_size"": ""2000"", ""desc"": ""None"", ""model"": ""hosted_vllm/meta-llama/Llama-3.1-8B-Instruct"", ""num_chunks_per_field"": ""1"", ""prompt_strategy"": ""chain-of-thought-question"", ""reasoning_effort"": ""None"", ""udf"": ""None""}",sampling,cuad-final-mab-k6-j4-budget50-seed42
81dd1f8073-54fa573e30,81dd1f8073,54fa573e30,MixtureOfAgentsConvert,"{""aggregator_model"": ""hosted_vllm/Qwen/Qwen2.5-14B-Instruct-AWQ"", ""aggregator_prompt_strategy"": ""chain-of-thought-mixture-of-agents-aggregation"", ""cardinality"": ""one-to-one"", ""desc"": ""None"", ""model"": ""None"", ""prompt_strategy"": ""None"", ""proposer_models"": ""['hosted_vllm/Qwen/Qwen2.5-14B-Instruct-AWQ']"", ""proposer_prompt_strategy"": ""chain-of-thought-mixture-of-agents-proposer"", ""reasoning_effort"": ""None"", ""temperatures"": ""[0.0]"", ""udf"": ""None""}",sampling,cuad-final-mab-k6-j4-budget50-seed42
81dd1f8073-6a6f90130e,81dd1f8073,6a6f90130e,RAGConvert,"{""cardinality"": ""one-to-one"", ""chunk_size"": ""4000"", ""desc"": ""None"", ""model"": ""hosted_vllm/meta-llama/Llama-3.1-8B-Instruct"", ""num_chunks_per_field"": ""4"", ""prompt_strategy"": ""chain-of-thought-question"", ""reasoning_effort"": ""None"", ""udf"": ""None""}",sampling,cuad-final-mab-k6-j4-budget50-seed42
81dd1f8073-7767112f4f,81dd1f8073,7767112f4f,CriticAndRefineConvert,"{""cardinality"": ""one-to-one"", ""critic_model"": ""hosted_vllm/meta-llama/Llama-3.1-8B-Instruct"", ""desc"": ""None"", ""model"": ""hosted_vllm/Qwen/Qwen2.5-14B-Instruct-AWQ"", ""prompt_strategy"": ""chain-of-thought-question"", ""reasoning_effort"": ""None"", ""refine_model"": ""hosted_vllm/Qwen/Qwen2.5-14B-Instruct-AWQ"", ""udf"": ""None""}",sampling,cuad-final-mab-k6-j4-budget50-seed42
81dd1f8073-811f6ea820,81dd1f8073,811f6ea820,RAGConvert,"{""cardinality"": ""one-to-one"", ""chunk_size"": ""1000"", ""desc"": ""None"", ""model"": ""hosted_vllm/meta-llama/Llama-3.1-8B-Instruct"", ""num_chunks_per_field"": ""2"", ""prompt_strategy"": ""chain-of-thought-question"", ""reasoning_effort"": ""None"", ""udf"": ""None""}",sampling,cuad-final-mab-k6-j4-budget50-seed42
81dd1f8073-8809e7f46f,81dd1f8073,8809e7f46f,MixtureOfAgentsConvert,"{""aggregator_model"": ""hosted_vllm/meta-llama/Llama-3.1-8B-Instruct"", ""aggregator_prompt_strategy"": ""chain-of-thought-mixture-of-agents-aggregation"", ""cardinality"": ""one-to-one"", ""desc"": ""None"", ""model"": ""None"", ""prompt_strategy"": ""None"", ""proposer_models"": ""['hosted_vllm/Qwen/Qwen2.5-14B-Instruct-AWQ']"", ""proposer_prompt_strategy"": ""chain-of-thought-mixture-of-agents-proposer"", ""reasoning_effort"": ""None"", ""temperatures"": ""[0.0]"", ""udf"": ""None""}",sampling,cuad-final-mab-k6-j4-budget50-seed42
81dd1f8073-89d445e1f4,81dd1f8073,89d445e1f4,MixtureOfAgentsConvert,"{""aggregator_model"": ""hosted_vllm/Qwen/Qwen2.5-14B-Instruct-AWQ"", ""aggregator_prompt_strategy"": ""chain-of-thought-mixture-of-agents-aggregation"", ""cardinality"": ""one-to-one"", ""desc"": ""None"", ""model"": ""None"", ""prompt_strategy"": ""None"", ""proposer_models"": ""['hosted_vllm/Qwen/Qwen2.5-14B-Instruct-AWQ', 'hosted_vllm/meta-llama/Llama-3.1-8B-Instruct']"", ""proposer_prompt_strategy"": ""chain-of-thought-mixture-of-agents-proposer"", ""reasoning_effort"": ""None"", ""temperatures"": ""[0.4, 0.4]"", ""udf"": ""None""}",sampling,cuad-final-mab-k6-j4-budget50-seed42
81dd1f8073-9623e44da6,81dd1f8073,9623e44da6,MixtureOfAgentsConvert,"{""aggregator_model"": ""hosted_vllm/Qwen/Qwen2.5-14B-Instruct-AWQ"", ""aggregator_prompt_strategy"": ""chain-of-thought-mixture-of-agents-aggregation"", ""cardinality"": ""one-to-one"", ""desc"": ""None"", ""model"": ""None"", ""prompt_strategy"": ""None"", ""proposer_models"": ""['hosted_vllm/meta-llama/Llama-3.1-8B-Instruct']"", ""proposer_prompt_strategy"": ""chain-of-thought-mixture-of-agents-proposer"", ""reasoning_effort"": ""None"", ""temperatures"": ""[0.0]"", ""udf"": ""None""}",sampling,cuad-final-mab-k6-j4-budget50-seed42
81dd1f8073-9ab179f8eb,81dd1f8073,9ab179f8eb,CriticAndRefineConvert,"{""cardinality"": ""one-to-one"", ""critic_model"": ""hosted_vllm/Qwen/Qwen2.5-14B-Instruct-AWQ"", ""desc"": ""None"", ""model"": ""hosted_vllm/meta-llama/Llama-3.1-8B-Instruct"", ""prompt_strategy"": ""chain-of-thought-question"", ""reasoning_effort"": ""None"", ""refine_model"": ""hosted_vllm/meta-llama/Llama-3.1-8B-Instruct"", ""udf"": ""None""}",sampling,cuad-final-mab-k6-j4-budget50-seed42
81dd1f8073-ac7ea233a6,81dd1f8073,ac7ea233a6,MixtureOfAgentsConvert,"{""aggregator_model"": ""hosted_vllm/meta-llama/Llama-3.1-8B-Instruct"", ""aggregator_prompt_strategy"": ""chain-of-thought-mixture-of-agents-aggregation"", ""cardinality"": ""one-to-one"", ""desc"": ""None"", ""model"": ""None"", ""prompt_strategy"": ""None"", ""proposer_models"": ""['hosted_vllm/Qwen/Qwen2.5-14B-Instruct-AWQ', 'hosted_vllm/meta-llama/Llama-3.1-8B-Instruct']"", ""proposer_prompt_strategy"": ""chain-of-thought-mixture-of-agents-proposer"", ""reasoning_effort"": ""None"", ""temperatures"": ""[0.4, 0.4]"", ""udf"": ""None""}",sampling,cuad-final-mab-k6-j4-budget50-seed42
81dd1f8073-adc48e0e6f,81dd1f8073,adc48e0e6f,CriticAndRefineConvert,"{""cardinality"": ""one-to-one"", ""critic_model"": ""hosted_vllm/Qwen/Qwen2.5-14B-Instruct-AWQ"", ""desc"": ""None"", ""model"": ""hosted_vllm/Qwen/Qwen2.5-14B-Instruct-AWQ"", ""prompt_strategy"": ""chain-of-thought-question"", ""reasoning_effort"": ""None"", ""refine_model"": ""hosted_vllm/meta-llama/Llama-3.1-8B-Instruct"", ""udf"": ""None""}",sampling,cuad-final-mab-k6-j4-budget50-seed42
81dd1f8073-b3453dc7dd,81dd1f8073,b3453dc7dd,MixtureOfAgentsConvert,"{""aggregator_model"": ""hosted_vllm/meta-llama/Llama-3.1-8B-Instruct"", ""aggregator_prompt_strategy"": ""chain-of-thought-mixture-of-agents-aggregation"", ""cardinality"": ""one-to-one"", ""desc"": ""None"", ""model"": ""None"", ""prompt_strategy"": ""None"", ""proposer_models"": ""['hosted_vllm/Qwen/Qwen2.5-14B-Instruct-AWQ']"", ""proposer_prompt_strategy"": ""chain-of-thought-mixture-of-agents-proposer"", ""reasoning_effort"": ""None"", ""temperatures"": ""[0.8]"", ""udf"": ""None""}",sampling,cuad-final-mab-k6-j4-budget50-seed42
81dd1f8073-bd2424efc5,81dd1f8073,bd2424efc5,RAGConvert,"{""cardinality"": ""one-to-one"", ""chunk_size"": ""2000"", ""desc"": ""None"", ""model"": ""hosted_vllm/Qwen/Qwen2.5-14B-Instruct-AWQ"", ""num_chunks_per_field"": ""2"", ""prompt_strategy"": ""chain-of-thought-question"", ""reasoning_effort"": ""None"", ""udf"": ""None""}",sampling,cuad-final-mab-k6-j4-budget50-seed42
81dd1f8073-c4289d1107,81dd1f8073,c4289d1107,RAGConvert,"{""cardinality"": ""one-to-one"", ""chunk_size"": ""1000"", ""desc"": ""None"", ""model"": ""hosted_vllm/meta-llama/Llama-3.1-8B-Instruct"", ""num_chunks_per_field"": ""1"", ""prompt_strategy"": ""chain-of-thought-question"", ""reasoning_effort"": ""None"", ""udf"": ""None""}",sampling,cuad-final-mab-k6-j4-budget50-seed42
81dd1f8073-c648515643,81dd1f8073,c648515643,LLMConvertBonded,"{""cardinality"": ""one-to-one"", ""desc"": ""None"", ""model"": ""hosted_vllm/Qwen/Qwen2.5-14B-Instruct-AWQ"", ""prompt_strategy"": ""chain-of-thought-question"", ""reasoning_effort"": ""None"", ""udf"": ""None""}",sampling,cuad-final-mab-k6-j4-budget50-seed42
81dd1f8073-c6942e999d,81dd1f8073,c6942e999d,RAGConvert,"{""cardinality"": ""one-to-one"", ""chunk_size"": ""1000"", ""desc"": ""None"", ""model"": ""hosted_vllm/Qwen/Qwen2.5-14B-Instruct-AWQ"", ""num_chunks_per_field"": ""1"", ""prompt_strategy"": ""chain-of-thought-question"", ""reasoning_effort"": ""None"", ""udf"": ""None""}",sampling,cuad-final-mab-k6-j4-budget50-seed42
81dd1f8073-cb54eecb45,81dd1f8073,cb54eecb45,CriticAndRefineConvert,"{""cardinality"": ""one-to-one"", ""critic_model"": ""hosted_vllm/meta-llama/Llama-3.1-8B-Instruct"", ""desc"": ""None"", ""model"": ""hosted_vllm/meta-llama/Llama-3.1-8B-Instruct"", ""prompt_strategy"": ""chain-of-thought-question"", ""reasoning_effort"": ""None"", ""refine_model"": ""hosted_vllm/Qwen/Qwen2.5-14B-Instruct-AWQ"", ""udf"": ""None""}",sampling,cuad-final-mab-k6-j4-budget50-seed42
81dd1f8073-ccc5d6f242,81dd1f8073,ccc5d6f242,RAGConvert,"{""cardinality"": ""one-to-one"", ""chunk_size"": ""4000"", ""desc"": ""None"", ""model"": ""hosted_vllm/Qwen/Qwen2.5-14B-Instruct-AWQ"", ""num_chunks_per_field"": ""4"", ""prompt_strategy"": ""chain-of-thought-question"", ""reasoning_effort"": ""None"", ""udf"": ""None""}",sampling,cuad-final-mab-k6-j4-budget50-seed42
81dd1f8073-e26c2ee714,81dd1f8073,e26c2ee714,MixtureOfAgentsConvert,"{""aggregator_model"": ""hosted_vllm/Qwen/Qwen2.5-14B-Instruct-AWQ"", ""aggregator_prompt_strategy"": ""chain-of-thought-mixture-of-agents-aggregation"", ""cardinality"": ""one-to-one"", ""desc"": ""None"", ""model"": ""None"", ""prompt_strategy"": ""None"", ""proposer_models"": ""['hosted_vllm/Qwen/Qwen2.5-14B-Instruct-AWQ', 'hosted_vllm/meta-llama/Llama-3.1-8B-Instruct']"", ""proposer_prompt_strategy"": ""chain-of-thought-mixture-of-agents-proposer"", ""reasoning_effort"": ""None"", ""temperatures"": ""[0.0, 0.0]"", ""udf"": ""None""}",sampling,cuad-final-mab-k6-j4-budget50-seed42
81dd1f8073-e5fd80bad3,81dd1f8073,e5fd80bad3,MixtureOfAgentsConvert,"{""aggregator_model"": ""hosted_vllm/meta-llama/Llama-3.1-8B-Instruct"", ""aggregator_prompt_strategy"": ""chain-of-thought-mixture-of-agents-aggregation"", ""cardinality"": ""one-to-one"", ""desc"": ""None"", ""model"": ""None"", ""prompt_strategy"": ""None"", ""proposer_models"": ""['hosted_vllm/meta-llama/Llama-3.1-8B-Instruct']"", ""proposer_prompt_strategy"": ""chain-of-thought-mixture-of-agents-proposer"", ""reasoning_effort"": ""None"", ""temperatures"": ""[0.0]"", ""udf"": ""None""}",sampling,cuad-final-mab-k6-j4-budget50-seed42
81dd1f8073-e777876914,81dd1f8073,e777876914,MixtureOfAgentsConvert,"{""aggregator_model"": ""hosted_vllm/Qwen/Qwen2.5-14B-Instruct-AWQ"", ""aggregator_prompt_strategy"": ""chain-of-thought-mixture-of-agents-aggregation"", ""cardinality"": ""one-to-one"", ""desc"": ""None"", ""model"": ""None"", ""prompt_strategy"": ""None"", ""proposer_models"": ""['hosted_vllm/Qwen/Qwen2.5-14B-Instruct-AWQ']"", ""proposer_prompt_strategy"": ""chain-of-thought-mixture-of-agents-proposer"", ""reasoning_effort"": ""None"", ""temperatures"": ""[0.8]"", ""udf"": ""None""}",sampling,cuad-final-mab-k6-j4-budget50-seed42
81dd1f8073-e855cddd6a,81dd1f8073,e855cddd6a,RAGConvert,"{""cardinality"": ""one-to-one"", ""chunk_size"": ""4000"", ""desc"": ""None"", ""model"": ""hosted_vllm/Qwen/Qwen2.5-14B-Instruct-AWQ"", ""num_chunks_per_field"": ""1"", ""prompt_strategy"": ""chain-of-thought-question"", ""reasoning_effort"": ""None"", ""udf"": ""None""}",sampling,cuad-final-mab-k6-j4-budget50-seed42
81dd1f8073-f3296a8797,81dd1f8073,f3296a8797,RAGConvert,"{""cardinality"": ""one-to-one"", ""chunk_size"": ""4000"", ""desc"": ""None"", ""model"": ""hosted_vllm/meta-llama/Llama-3.1-8B-Instruct"", ""num_chunks_per_field"": ""2"", ""prompt_strategy"": ""chain-of-thought-question"", ""reasoning_effort"": ""None"", ""udf"": ""None""}",sampling,cuad-final-mab-k6-j4-budget50-seed42
81dd1f8073-f63ae91524,81dd1f8073,f63ae91524,CriticAndRefineConvert,"{""cardinality"": ""one-to-one"", ""critic_model"": ""hosted_vllm/Qwen/Qwen2.5-14B-Instruct-AWQ"", ""desc"": ""None"", ""model"": ""hosted_vllm/Qwen/Qwen2.5-14B-Instruct-AWQ"", ""prompt_strategy"": ""chain-of-thought-question"", ""reasoning_effort"": ""None"", ""refine_model"": ""hosted_vllm/Qwen/Qwen2.5-14B-Instruct-AWQ"", ""udf"": ""None""}",sampling,cuad-final-mab-k6-j4-budget50-seed42
81dd1f8073-f65128d2f7,81dd1f8073,f65128d2f7,RAGConvert,"{""cardinality"": ""one-to-one"", ""chunk_size"": ""2000"", ""desc"": ""None"", ""model"": ""hosted_vllm/Qwen/Qwen2.5-14B-Instruct-AWQ"", ""num_chunks_per_field"": ""1"", ""prompt_strategy"": ""chain-of-thought-question"", ""reasoning_effort"": ""None"", ""udf"": ""None""}",sampling,cuad-final-mab-k6-j4-budget50-seed42
81dd1f8073-fce8f9dc6e,81dd1f8073,fce8f9dc6e,MixtureOfAgentsConvert,"{""aggregator_model"": ""hosted_vllm/Qwen/Qwen2.5-14B-Instruct-AWQ"", ""aggregator_prompt_strategy"": ""chain-of-thought-mixture-of-agents-aggregation"", ""cardinality"": ""one-to-one"", ""desc"": ""None"", ""model"": ""None"", ""prompt_strategy"": ""None"", ""proposer_models"": ""['hosted_vllm/meta-llama/Llama-3.1-8B-Instruct']"", ""proposer_prompt_strategy"": ""chain-of-thought-mixture-of-agents-proposer"", ""reasoning_effort"": ""None"", ""temperatures"": ""[0.4]"", ""udf"": ""None""}",sampling,cuad-final-mab-k6-j4-budget50-seed42
81dd1f8073-fe96e8105e,81dd1f8073,fe96e8105e,CriticAndRefineConvert,"{""cardinality"": ""one-to-one"", ""critic_model"": ""hosted_vllm/meta-llama/Llama-3.1-8B-Instruct"", ""desc"": ""None"", ""model"": ""hosted_vllm/meta-llama/Llama-3.1-8B-Instruct"", ""prompt_strategy"": ""chain-of-thought-question"", ""reasoning_effort"": ""None"", ""refine_model"": ""hosted_vllm/meta-llama/Llama-3.1-8B-Instruct"", ""udf"": ""None""}",sampling,cuad-final-mab-k6-j4-budget50-seed42
81dd1f8073-ff994ca80a,81dd1f8073,ff994ca80a,MixtureOfAgentsConvert,"{""aggregator_model"": ""hosted_vllm/Qwen/Qwen2.5-14B-Instruct-AWQ"", ""aggregator_prompt_strategy"": ""chain-of-thought-mixture-of-agents-aggregation"", ""cardinality"": ""one-to-one"", ""desc"": ""None"", ""model"": ""None"", ""prompt_strategy"": ""None"", ""proposer_models"": ""['hosted_vllm/meta-llama/Llama-3.1-8B-Instruct']"", ""proposer_prompt_strategy"": ""chain-of-thought-mixture-of-agents-proposer"", ""reasoning_effort"": ""None"", ""temperatures"": ""[0.8]"", ""udf"": ""None""}",sampling,cuad-final-mab-k6-j4-budget50-seed42
