run_id,campaign,sentinel_strategy,seed,full_op_id,op_name,record_id,cost_per_record,time_per_record,benchmark,error_type,failed_convert,fn_call_duration_secs,j,k,llm_call_duration_secs,logical_op_id,model_name,obs_index,param_aggregator_model,param_aggregator_prompt_strategy,param_cardinality,param_datasource_id,param_desc,param_model,param_prompt_strategy,param_proposer_models,param_proposer_prompt_strategy,param_reasoning_effort,param_temperatures,param_udf,passed_operator,physical_op_id,plan_id,quality,record_parent_ids,record_source_indices,sample_budget,schema_version,total_embedding_llm_calls,total_input_cost,total_input_tokens,total_llm_calls,total_output_cost,total_output_tokens,unique_full_op_id
cuad-final-mab-k6-j4-budget50-seed42,behavior,MAB,42,022b755afd-f987dae6bd,MarshalAndScanDataOp,b176a0dba7,0.0,2.384185791015625e-07,cuad,,,0.0,4,6,0.0,022b755afd,,0,,,,cuad,,,,,,,,,True,f987dae6bd,3e74ce28ed,,,"[""cuad-95""]",50,1,0,0.0,0.0,0,0.0,0.0,0-022b755afd-f987dae6bd
cuad-final-mab-k6-j4-budget50-seed42,behavior,MAB,42,022b755afd-f987dae6bd,MarshalAndScanDataOp,f93bb677c2,0.0,2.384185791015625e-07,cuad,,,0.0,4,6,0.0,022b755afd,,1,,,,cuad,,,,,,,,,True,f987dae6bd,3e74ce28ed,,,"[""cuad-84""]",50,1,0,0.0,0.0,0,0.0,0.0,0-022b755afd-f987dae6bd
cuad-final-mab-k6-j4-budget50-seed42,behavior,MAB,42,022b755afd-f987dae6bd,MarshalAndScanDataOp,9775516931,0.0,2.384185791015625e-07,cuad,,,0.0,4,6,0.0,022b755afd,,2,,,,cuad,,,,,,,,,True,f987dae6bd,3e74ce28ed,,,"[""cuad-80""]",50,1,0,0.0,0.0,0,0.0,0.0,0-022b755afd-f987dae6bd
cuad-final-mab-k6-j4-budget50-seed42,behavior,MAB,42,022b755afd-f987dae6bd,MarshalAndScanDataOp,fd32904239,0.0,4.76837158203125e-07,cuad,,,0.0,4,6,0.0,022b755afd,,3,,,,cuad,,,,,,,,,True,f987dae6bd,3e74ce28ed,,,"[""cuad-32""]",50,1,0,0.0,0.0,0,0.0,0.0,0-022b755afd-f987dae6bd
cuad-final-mab-k6-j4-budget50-seed42,behavior,MAB,42,022b755afd-f987dae6bd,MarshalAndScanDataOp,ecd047222c,0.0,2.384185791015625e-07,cuad,,,0.0,4,6,0.0,022b755afd,,4,,,,cuad,,,,,,,,,True,f987dae6bd,3e74ce28ed,,,"[""cuad-78""]",50,1,0,0.0,0.0,0,0.0,0.0,0-022b755afd-f987dae6bd
cuad-final-mab-k6-j4-budget50-seed42,behavior,MAB,42,022b755afd-f987dae6bd,MarshalAndScanDataOp,255802db76,0.0,9.5367431640625e-07,cuad,,,0.0,4,6,0.0,022b755afd,,5,,,,cuad,,,,,,,,,True,f987dae6bd,3e74ce28ed,,,"[""cuad-3""]",50,1,0,0.0,0.0,0,0.0,0.0,0-022b755afd-f987dae6bd
cuad-final-mab-k6-j4-budget50-seed42,behavior,MAB,42,022b755afd-f987dae6bd,MarshalAndScanDataOp,abe2cf40a0,0.0,4.76837158203125e-07,cuad,,,0.0,4,6,0.0,022b755afd,,6,,,,cuad,,,,,,,,,True,f987dae6bd,3e74ce28ed,,,"[""cuad-68""]",50,1,0,0.0,0.0,0,0.0,0.0,0-022b755afd-f987dae6bd
cuad-final-mab-k6-j4-budget50-seed42,behavior,MAB,42,022b755afd-f987dae6bd,MarshalAndScanDataOp,985036f287,0.0,4.76837158203125e-07,cuad,,,0.0,4,6,0.0,022b755afd,,7,,,,cuad,,,,,,,,,True,f987dae6bd,3e74ce28ed,,,"[""cuad-43""]",50,1,0,0.0,0.0,0,0.0,0.0,0-022b755afd-f987dae6bd
cuad-final-mab-k6-j4-budget50-seed42,behavior,MAB,42,022b755afd-f987dae6bd,MarshalAndScanDataOp,bf2ec5829a,0.0,2.384185791015625e-07,cuad,,,0.0,4,6,0.0,022b755afd,,8,,,,cuad,,,,,,,,,True,f987dae6bd,3e74ce28ed,,,"[""cuad-76""]",50,1,0,0.0,0.0,0,0.0,0.0,0-022b755afd-f987dae6bd
cuad-final-mab-k6-j4-budget50-seed42,behavior,MAB,42,022b755afd-f987dae6bd,MarshalAndScanDataOp,3d4e2d4fa0,0.0,4.76837158203125e-07,cuad,,,0.0,4,6,0.0,022b755afd,,9,,,,cuad,,,,,,,,,True,f987dae6bd,3e74ce28ed,,,"[""cuad-35""]",50,1,0,0.0,0.0,0,0.0,0.0,0-022b755afd-f987dae6bd
cuad-final-mab-k6-j4-budget50-seed42,behavior,MAB,42,022b755afd-f987dae6bd,MarshalAndScanDataOp,a34b527b9c,0.0,2.384185791015625e-07,cuad,,,0.0,4,6,0.0,022b755afd,,10,,,,cuad,,,,,,,,,True,f987dae6bd,3e74ce28ed,,,"[""cuad-94""]",50,1,0,0.0,0.0,0,0.0,0.0,0-022b755afd-f987dae6bd
cuad-final-mab-k6-j4-budget50-seed42,behavior,MAB,42,022b755afd-f987dae6bd,MarshalAndScanDataOp,5cae385ee7,0.0,4.76837158203125e-07,cuad,,,0.0,4,6,0.0,022b755afd,,11,,,,cuad,,,,,,,,,True,f987dae6bd,3e74ce28ed,,,"[""cuad-39""]",50,1,0,0.0,0.0,0,0.0,0.0,0-022b755afd-f987dae6bd
cuad-final-mab-k6-j4-budget50-seed42,behavior,MAB,42,022b755afd-f987dae6bd,MarshalAndScanDataOp,3966230a08,0.0,9.5367431640625e-07,cuad,,,0.0,4,6,0.0,022b755afd,,12,,,,cuad,,,,,,,,,True,f987dae6bd,3e74ce28ed,,,"[""cuad-21""]",50,1,0,0.0,0.0,0,0.0,0.0,0-022b755afd-f987dae6bd
cuad-final-mab-k6-j4-budget50-seed42,behavior,MAB,42,022b755afd-f987dae6bd,MarshalAndScanDataOp,c86b946e38,0.0,4.76837158203125e-07,cuad,,,0.0,4,6,0.0,022b755afd,,13,,,,cuad,,,,,,,,,True,f987dae6bd,3e74ce28ed,,,"[""cuad-90""]",50,1,0,0.0,0.0,0,0.0,0.0,0-022b755afd-f987dae6bd
cuad-final-mab-k6-j4-budget50-seed42,behavior,MAB,42,022b755afd-f987dae6bd,MarshalAndScanDataOp,5b0c4e1c62,0.0,2.384185791015625e-07,cuad,,,0.0,4,6,0.0,022b755afd,,14,,,,cuad,,,,,,,,,True,f987dae6bd,3e74ce28ed,,,"[""cuad-67""]",50,1,0,0.0,0.0,0,0.0,0.0,0-022b755afd-f987dae6bd
cuad-final-mab-k6-j4-budget50-seed42,behavior,MAB,42,022b755afd-f987dae6bd,MarshalAndScanDataOp,7ddab4003e,0.0,4.76837158203125e-07,cuad,,,0.0,4,6,0.0,022b755afd,,15,,,,cuad,,,,,,,,,True,f987dae6bd,3e74ce28ed,,,"[""cuad-23""]",50,1,0,0.0,0.0,0,0.0,0.0,0-022b755afd-f987dae6bd
cuad-final-mab-k6-j4-budget50-seed42,behavior,MAB,42,022b755afd-f987dae6bd,MarshalAndScanDataOp,71caf301d9,0.0,4.76837158203125e-07,cuad,,,0.0,4,6,0.0,022b755afd,,16,,,,cuad,,,,,,,,,True,f987dae6bd,3e74ce28ed,,,"[""cuad-46""]",50,1,0,0.0,0.0,0,0.0,0.0,0-022b755afd-f987dae6bd
cuad-final-mab-k6-j4-budget50-seed42,behavior,MAB,42,022b755afd-f987dae6bd,MarshalAndScanDataOp,c8d21e49ed,0.0,4.76837158203125e-07,cuad,,,0.0,4,6,0.0,022b755afd,,17,,,,cuad,,,,,,,,,True,f987dae6bd,3e74ce28ed,,,"[""cuad-72""]",50,1,0,0.0,0.0,0,0.0,0.0,0-022b755afd-f987dae6bd
cuad-final-mab-k6-j4-budget50-seed42,behavior,MAB,42,022b755afd-f987dae6bd,MarshalAndScanDataOp,b44eb790a1,0.0,2.384185791015625e-07,cuad,,,0.0,4,6,0.0,022b755afd,,18,,,,cuad,,,,,,,,,True,f987dae6bd,3e74ce28ed,,,"[""cuad-42""]",50,1,0,0.0,0.0,0,0.0,0.0,0-022b755afd-f987dae6bd
cuad-final-mab-k6-j4-budget50-seed42,behavior,MAB,42,022b755afd-f987dae6bd,MarshalAndScanDataOp,b1c941e16f,0.0,2.384185791015625e-07,cuad,,,0.0,4,6,0.0,022b755afd,,19,,,,cuad,,,,,,,,,True,f987dae6bd,3e74ce28ed,,,"[""cuad-37""]",50,1,0,0.0,0.0,0,0.0,0.0,0-022b755afd-f987dae6bd
cuad-final-mab-k6-j4-budget50-seed42,behavior,MAB,42,022b755afd-f987dae6bd,MarshalAndScanDataOp,3611537fff,0.0,4.76837158203125e-07,cuad,,,0.0,4,6,0.0,022b755afd,,20,,,,cuad,,,,,,,,,True,f987dae6bd,3e74ce28ed,,,"[""cuad-85""]",50,1,0,0.0,0.0,0,0.0,0.0,0-022b755afd-f987dae6bd
cuad-final-mab-k6-j4-budget50-seed42,behavior,MAB,42,022b755afd-f987dae6bd,MarshalAndScanDataOp,2c1edb5b31,0.0,2.384185791015625e-07,cuad,,,0.0,4,6,0.0,022b755afd,,21,,,,cuad,,,,,,,,,True,f987dae6bd,3e74ce28ed,,,"[""cuad-77""]",50,1,0,0.0,0.0,0,0.0,0.0,0-022b755afd-f987dae6bd
cuad-final-mab-k6-j4-budget50-seed42,behavior,MAB,42,022b755afd-f987dae6bd,MarshalAndScanDataOp,be92effece,0.0,4.76837158203125e-07,cuad,,,0.0,4,6,0.0,022b755afd,,22,,,,cuad,,,,,,,,,True,f987dae6bd,3e74ce28ed,,,"[""cuad-71""]",50,1,0,0.0,0.0,0,0.0,0.0,0-022b755afd-f987dae6bd
cuad-final-mab-k6-j4-budget50-seed42,behavior,MAB,42,022b755afd-f987dae6bd,MarshalAndScanDataOp,aab27437c3,0.0,2.384185791015625e-07,cuad,,,0.0,4,6,0.0,022b755afd,,23,,,,cuad,,,,,,,,,True,f987dae6bd,3e74ce28ed,,,"[""cuad-75""]",50,1,0,0.0,0.0,0,0.0,0.0,0-022b755afd-f987dae6bd
cuad-final-mab-k6-j4-budget50-seed42,behavior,MAB,42,022b755afd-f987dae6bd,MarshalAndScanDataOp,2ed8504b8a,0.0,2.384185791015625e-07,cuad,,,0.0,4,6,0.0,022b755afd,,24,,,,cuad,,,,,,,,,True,f987dae6bd,3e74ce28ed,,,"[""cuad-98""]",50,1,0,0.0,0.0,0,0.0,0.0,0-022b755afd-f987dae6bd
cuad-final-mab-k6-j4-budget50-seed42,behavior,MAB,42,022b755afd-f987dae6bd,MarshalAndScanDataOp,354db1c09b,0.0,2.384185791015625e-07,cuad,,,0.0,4,6,0.0,022b755afd,,25,,,,cuad,,,,,,,,,True,f987dae6bd,3e74ce28ed,,,"[""cuad-50""]",50,1,0,0.0,0.0,0,0.0,0.0,0-022b755afd-f987dae6bd
cuad-final-mab-k6-j4-budget50-seed42,behavior,MAB,42,022b755afd-f987dae6bd,MarshalAndScanDataOp,aff172e2c5,0.0,7.152557373046875e-07,cuad,,,0.0,4,6,0.0,022b755afd,,26,,,,cuad,,,,,,,,,True,f987dae6bd,3e74ce28ed,,,"[""cuad-48""]",50,1,0,0.0,0.0,0,0.0,0.0,0-022b755afd-f987dae6bd
cuad-final-mab-k6-j4-budget50-seed42,behavior,MAB,42,022b755afd-f987dae6bd,MarshalAndScanDataOp,90c953f5c6,0.0,2.384185791015625e-07,cuad,,,0.0,4,6,0.0,022b755afd,,27,,,,cuad,,,,,,,,,True,f987dae6bd,3e74ce28ed,,,"[""cuad-36""]",50,1,0,0.0,0.0,0,0.0,0.0,0-022b755afd-f987dae6bd
cuad-final-mab-k6-j4-budget50-seed42,behavior,MAB,42,022b755afd-f987dae6bd,MarshalAndScanDataOp,6b6edf37be,0.0,7.152557373046875e-07,cuad,,,0.0,4,6,0.0,022b755afd,,28,,,,cuad,,,,,,,,,True,f987dae6bd,3e74ce28ed,,,"[""cuad-2""]",50,1,0,0.0,0.0,0,0.0,0.0,0-022b755afd-f987dae6bd
cuad-final-mab-k6-j4-budget50-seed42,behavior,MAB,42,022b755afd-f987dae6bd,MarshalAndScanDataOp,87ee237e90,0.0,2.384185791015625e-07,cuad,,,0.0,4,6,0.0,022b755afd,,29,,,,cuad,,,,,,,,,True,f987dae6bd,3e74ce28ed,,,"[""cuad-86""]",50,1,0,0.0,0.0,0,0.0,0.0,0-022b755afd-f987dae6bd
cuad-final-mab-k6-j4-budget50-seed42,behavior,MAB,42,022b755afd-f987dae6bd,MarshalAndScanDataOp,20898b20c7,0.0,4.76837158203125e-07,cuad,,,0.0,4,6,0.0,022b755afd,,30,,,,cuad,,,,,,,,,True,f987dae6bd,3e74ce28ed,,,"[""cuad-7""]",50,1,0,0.0,0.0,0,0.0,0.0,0-022b755afd-f987dae6bd
cuad-final-mab-k6-j4-budget50-seed42,behavior,MAB,42,022b755afd-f987dae6bd,MarshalAndScanDataOp,c09b4965e2,0.0,2.384185791015625e-07,cuad,,,0.0,4,6,0.0,022b755afd,,31,,,,cuad,,,,,,,,,True,f987dae6bd,3e74ce28ed,,,"[""cuad-30""]",50,1,0,0.0,0.0,0,0.0,0.0,0-022b755afd-f987dae6bd
cuad-final-mab-k6-j4-budget50-seed42,behavior,MAB,42,022b755afd-f987dae6bd,MarshalAndScanDataOp,71bacab373,0.0,2.384185791015625e-07,cuad,,,0.0,4,6,0.0,022b755afd,,32,,,,cuad,,,,,,,,,True,f987dae6bd,3e74ce28ed,,,"[""cuad-25""]",50,1,0,0.0,0.0,0,0.0,0.0,0-022b755afd-f987dae6bd
cuad-final-mab-k6-j4-budget50-seed42,behavior,MAB,42,022b755afd-f987dae6bd,MarshalAndScanDataOp,380c3cb459,0.0,7.152557373046875e-07,cuad,,,0.0,4,6,0.0,022b755afd,,33,,,,cuad,,,,,,,,,True,f987dae6bd,3e74ce28ed,,,"[""cuad-59""]",50,1,0,0.0,0.0,0,0.0,0.0,0-022b755afd-f987dae6bd
cuad-final-mab-k6-j4-budget50-seed42,behavior,MAB,42,022b755afd-f987dae6bd,MarshalAndScanDataOp,75658233c4,0.0,4.76837158203125e-07,cuad,,,0.0,4,6,0.0,022b755afd,,34,,,,cuad,,,,,,,,,True,f987dae6bd,3e74ce28ed,,,"[""cuad-82""]",50,1,0,0.0,0.0,0,0.0,0.0,0-022b755afd-f987dae6bd
cuad-final-mab-k6-j4-budget50-seed42,behavior,MAB,42,022b755afd-f987dae6bd,MarshalAndScanDataOp,78d0181b9f,0.0,2.384185791015625e-07,cuad,,,0.0,4,6,0.0,022b755afd,,35,,,,cuad,,,,,,,,,True,f987dae6bd,3e74ce28ed,,,"[""cuad-60""]",50,1,0,0.0,0.0,0,0.0,0.0,0-022b755afd-f987dae6bd
cuad-final-mab-k6-j4-budget50-seed42,behavior,MAB,42,022b755afd-f987dae6bd,MarshalAndScanDataOp,debd7cdff3,0.0,4.76837158203125e-07,cuad,,,0.0,4,6,0.0,022b755afd,,36,,,,cuad,,,,,,,,,True,f987dae6bd,3e74ce28ed,,,"[""cuad-58""]",50,1,0,0.0,0.0,0,0.0,0.0,0-022b755afd-f987dae6bd
cuad-final-mab-k6-j4-budget50-seed42,behavior,MAB,42,022b755afd-f987dae6bd,MarshalAndScanDataOp,b217a4210e,0.0,7.152557373046875e-07,cuad,,,0.0,4,6,0.0,022b755afd,,37,,,,cuad,,,,,,,,,True,f987dae6bd,3e74ce28ed,,,"[""cuad-22""]",50,1,0,0.0,0.0,0,0.0,0.0,0-022b755afd-f987dae6bd
cuad-final-mab-k6-j4-budget50-seed42,behavior,MAB,42,022b755afd-f987dae6bd,MarshalAndScanDataOp,6baa826979,0.0,4.76837158203125e-07,cuad,,,0.0,4,6,0.0,022b755afd,,38,,,,cuad,,,,,,,,,True,f987dae6bd,3e74ce28ed,,,"[""cuad-28""]",50,1,0,0.0,0.0,0,0.0,0.0,0-022b755afd-f987dae6bd
cuad-final-mab-k6-j4-budget50-seed42,behavior,MAB,42,022b755afd-f987dae6bd,MarshalAndScanDataOp,30dd551a16,0.0,1.430511474609375e-06,cuad,,,0.0,4,6,0.0,022b755afd,,39,,,,cuad,,,,,,,,,True,f987dae6bd,3e74ce28ed,,,"[""cuad-15""]",50,1,0,0.0,0.0,0,0.0,0.0,0-022b755afd-f987dae6bd
cuad-final-mab-k6-j4-budget50-seed42,behavior,MAB,42,022b755afd-f987dae6bd,MarshalAndScanDataOp,b1845cba29,0.0,2.384185791015625e-07,cuad,,,0.0,4,6,0.0,022b755afd,,40,,,,cuad,,,,,,,,,True,f987dae6bd,3e74ce28ed,,,"[""cuad-27""]",50,1,0,0.0,0.0,0,0.0,0.0,0-022b755afd-f987dae6bd
cuad-final-mab-k6-j4-budget50-seed42,behavior,MAB,42,022b755afd-f987dae6bd,MarshalAndScanDataOp,0d88534bd5,0.0,2.384185791015625e-07,cuad,,,0.0,4,6,0.0,022b755afd,,41,,,,cuad,,,,,,,,,True,f987dae6bd,3e74ce28ed,,,"[""cuad-24""]",50,1,0,0.0,0.0,0,0.0,0.0,0-022b755afd-f987dae6bd
cuad-final-mab-k6-j4-budget50-seed42,behavior,MAB,42,022b755afd-f987dae6bd,MarshalAndScanDataOp,89d1c1f5b5,0.0,2.384185791015625e-07,cuad,,,0.0,4,6,0.0,022b755afd,,42,,,,cuad,,,,,,,,,True,f987dae6bd,3e74ce28ed,,,"[""cuad-88""]",50,1,0,0.0,0.0,0,0.0,0.0,0-022b755afd-f987dae6bd
cuad-final-mab-k6-j4-budget50-seed42,behavior,MAB,42,022b755afd-f987dae6bd,MarshalAndScanDataOp,de533e4a54,0.0,2.384185791015625e-07,cuad,,,0.0,4,6,0.0,022b755afd,,43,,,,cuad,,,,,,,,,True,f987dae6bd,3e74ce28ed,,,"[""cuad-97""]",50,1,0,0.0,0.0,0,0.0,0.0,0-022b755afd-f987dae6bd
cuad-final-mab-k6-j4-budget50-seed42,behavior,MAB,42,022b755afd-f987dae6bd,MarshalAndScanDataOp,cde05a028f,0.0,2.384185791015625e-07,cuad,,,0.0,4,6,0.0,022b755afd,,44,,,,cuad,,,,,,,,,True,f987dae6bd,3e74ce28ed,,,"[""cuad-99""]",50,1,0,0.0,0.0,0,0.0,0.0,0-022b755afd-f987dae6bd
cuad-final-mab-k6-j4-budget50-seed42,behavior,MAB,42,022b755afd-f987dae6bd,MarshalAndScanDataOp,e5daf73b10,0.0,2.384185791015625e-07,cuad,,,0.0,4,6,0.0,022b755afd,,45,,,,cuad,,,,,,,,,True,f987dae6bd,3e74ce28ed,,,"[""cuad-11""]",50,1,0,0.0,0.0,0,0.0,0.0,0-022b755afd-f987dae6bd
cuad-final-mab-k6-j4-budget50-seed42,behavior,MAB,42,022b755afd-f987dae6bd,MarshalAndScanDataOp,4740f75a9f,0.0,2.384185791015625e-07,cuad,,,0.0,4,6,0.0,022b755afd,,46,,,,cuad,,,,,,,,,True,f987dae6bd,3e74ce28ed,,,"[""cuad-16""]",50,1,0,0.0,0.0,0,0.0,0.0,0-022b755afd-f987dae6bd
cuad-final-mab-k6-j4-budget50-seed42,behavior,MAB,42,022b755afd-f987dae6bd,MarshalAndScanDataOp,bb82c30c4b,0.0,4.76837158203125e-07,cuad,,,0.0,4,6,0.0,022b755afd,,47,,,,cuad,,,,,,,,,True,f987dae6bd,3e74ce28ed,,,"[""cuad-29""]",50,1,0,0.0,0.0,0,0.0,0.0,0-022b755afd-f987dae6bd
cuad-final-mab-k6-j4-budget50-seed42,behavior,MAB,42,022b755afd-f987dae6bd,MarshalAndScanDataOp,2c26b02bbd,0.0,2.384185791015625e-07,cuad,,,0.0,4,6,0.0,022b755afd,,48,,,,cuad,,,,,,,,,True,f987dae6bd,3e74ce28ed,,,"[""cuad-56""]",50,1,0,0.0,0.0,0,0.0,0.0,0-022b755afd-f987dae6bd
cuad-final-mab-k6-j4-budget50-seed42,behavior,MAB,42,022b755afd-f987dae6bd,MarshalAndScanDataOp,38207b99d9,0.0,4.76837158203125e-07,cuad,,,0.0,4,6,0.0,022b755afd,,49,,,,cuad,,,,,,,,,True,f987dae6bd,3e74ce28ed,,,"[""cuad-83""]",50,1,0,0.0,0.0,0,0.0,0.0,0-022b755afd-f987dae6bd
cuad-final-mab-k6-j4-budget50-seed42,behavior,MAB,42,022b755afd-f987dae6bd,MarshalAndScanDataOp,1cb4b90696,0.0,4.76837158203125e-07,cuad,,,0.0,4,6,0.0,022b755afd,,50,,,,cuad,,,,,,,,,True,f987dae6bd,3e74ce28ed,,,"[""cuad-55""]",50,1,0,0.0,0.0,0,0.0,0.0,0-022b755afd-f987dae6bd
cuad-final-mab-k6-j4-budget50-seed42,behavior,MAB,42,022b755afd-f987dae6bd,MarshalAndScanDataOp,d4ad11305c,0.0,2.384185791015625e-07,cuad,,,0.0,4,6,0.0,022b755afd,,51,,,,cuad,,,,,,,,,True,f987dae6bd,3e74ce28ed,,,"[""cuad-54""]",50,1,0,0.0,0.0,0,0.0,0.0,0-022b755afd-f987dae6bd
cuad-final-mab-k6-j4-budget50-seed42,behavior,MAB,42,022b755afd-f987dae6bd,MarshalAndScanDataOp,b5caec43c9,0.0,7.152557373046875e-07,cuad,,,0.0,4,6,0.0,022b755afd,,52,,,,cuad,,,,,,,,,True,f987dae6bd,3e74ce28ed,,,"[""cuad-64""]",50,1,0,0.0,0.0,0,0.0,0.0,0-022b755afd-f987dae6bd
cuad-final-mab-k6-j4-budget50-seed42,behavior,MAB,42,022b755afd-f987dae6bd,MarshalAndScanDataOp,d4cf7bb1c2,0.0,4.76837158203125e-07,cuad,,,0.0,4,6,0.0,022b755afd,,53,,,,cuad,,,,,,,,,True,f987dae6bd,3e74ce28ed,,,"[""cuad-79""]",50,1,0,0.0,0.0,0,0.0,0.0,0-022b755afd-f987dae6bd
cuad-final-mab-k6-j4-budget50-seed42,behavior,MAB,42,022b755afd-f987dae6bd,MarshalAndScanDataOp,3f40f24ce1,0.0,2.384185791015625e-07,cuad,,,0.0,4,6,0.0,022b755afd,,54,,,,cuad,,,,,,,,,True,f987dae6bd,3e74ce28ed,,,"[""cuad-92""]",50,1,0,0.0,0.0,0,0.0,0.0,0-022b755afd-f987dae6bd
cuad-final-mab-k6-j4-budget50-seed42,behavior,MAB,42,022b755afd-f987dae6bd,MarshalAndScanDataOp,c39e23f47a,0.0,9.5367431640625e-07,cuad,,,0.0,4,6,0.0,022b755afd,,55,,,,cuad,,,,,,,,,True,f987dae6bd,3e74ce28ed,,,"[""cuad-1""]",50,1,0,0.0,0.0,0,0.0,0.0,0-022b755afd-f987dae6bd
cuad-final-mab-k6-j4-budget50-seed42,behavior,MAB,42,022b755afd-f987dae6bd,MarshalAndScanDataOp,3582f268d0,0.0,4.76837158203125e-07,cuad,,,0.0,4,6,0.0,022b755afd,,56,,,,cuad,,,,,,,,,True,f987dae6bd,3e74ce28ed,,,"[""cuad-31""]",50,1,0,0.0,0.0,0,0.0,0.0,0-022b755afd-f987dae6bd
cuad-final-mab-k6-j4-budget50-seed42,behavior,MAB,42,022b755afd-f987dae6bd,MarshalAndScanDataOp,e9a4f57281,0.0,2.384185791015625e-07,cuad,,,0.0,4,6,0.0,022b755afd,,57,,,,cuad,,,,,,,,,True,f987dae6bd,3e74ce28ed,,,"[""cuad-93""]",50,1,0,0.0,0.0,0,0.0,0.0,0-022b755afd-f987dae6bd
cuad-final-mab-k6-j4-budget50-seed42,behavior,MAB,42,022b755afd-f987dae6bd,MarshalAndScanDataOp,d18afe33af,0.0,2.384185791015625e-07,cuad,,,0.0,4,6,0.0,022b755afd,,58,,,,cuad,,,,,,,,,True,f987dae6bd,3e74ce28ed,,,"[""cuad-4""]",50,1,0,0.0,0.0,0,0.0,0.0,0-022b755afd-f987dae6bd
cuad-final-mab-k6-j4-budget50-seed42,behavior,MAB,42,022b755afd-f987dae6bd,MarshalAndScanDataOp,8e93df319e,0.0,2.384185791015625e-07,cuad,,,0.0,4,6,0.0,022b755afd,,59,,,,cuad,,,,,,,,,True,f987dae6bd,3e74ce28ed,,,"[""cuad-73""]",50,1,0,0.0,0.0,0,0.0,0.0,0-022b755afd-f987dae6bd
cuad-final-mab-k6-j4-budget50-seed42,behavior,MAB,42,022b755afd-f987dae6bd,MarshalAndScanDataOp,c8bdb402e3,0.0,7.152557373046875e-07,cuad,,,0.0,4,6,0.0,022b755afd,,60,,,,cuad,,,,,,,,,True,f987dae6bd,3e74ce28ed,,,"[""cuad-62""]",50,1,0,0.0,0.0,0,0.0,0.0,0-022b755afd-f987dae6bd
cuad-final-mab-k6-j4-budget50-seed42,behavior,MAB,42,022b755afd-f987dae6bd,MarshalAndScanDataOp,b051587d28,0.0,2.384185791015625e-07,cuad,,,0.0,4,6,0.0,022b755afd,,61,,,,cuad,,,,,,,,,True,f987dae6bd,3e74ce28ed,,,"[""cuad-49""]",50,1,0,0.0,0.0,0,0.0,0.0,0-022b755afd-f987dae6bd
cuad-final-mab-k6-j4-budget50-seed42,behavior,MAB,42,022b755afd-f987dae6bd,MarshalAndScanDataOp,aecc568ffa,0.0,2.384185791015625e-07,cuad,,,0.0,4,6,0.0,022b755afd,,62,,,,cuad,,,,,,,,,True,f987dae6bd,3e74ce28ed,,,"[""cuad-57""]",50,1,0,0.0,0.0,0,0.0,0.0,0-022b755afd-f987dae6bd
cuad-final-mab-k6-j4-budget50-seed42,behavior,MAB,42,022b755afd-f987dae6bd,MarshalAndScanDataOp,e8e573cdd0,0.0,4.76837158203125e-07,cuad,,,0.0,4,6,0.0,022b755afd,,63,,,,cuad,,,,,,,,,True,f987dae6bd,3e74ce28ed,,,"[""cuad-45""]",50,1,0,0.0,0.0,0,0.0,0.0,0-022b755afd-f987dae6bd
cuad-final-mab-k6-j4-budget50-seed42,behavior,MAB,42,022b755afd-f987dae6bd,MarshalAndScanDataOp,41d6dedb39,0.0,2.384185791015625e-07,cuad,,,0.0,4,6,0.0,022b755afd,,64,,,,cuad,,,,,,,,,True,f987dae6bd,3e74ce28ed,,,"[""cuad-81""]",50,1,0,0.0,0.0,0,0.0,0.0,0-022b755afd-f987dae6bd
cuad-final-mab-k6-j4-budget50-seed42,behavior,MAB,42,022b755afd-f987dae6bd,MarshalAndScanDataOp,97f9bf28eb,0.0,4.76837158203125e-07,cuad,,,0.0,4,6,0.0,022b755afd,,65,,,,cuad,,,,,,,,,True,f987dae6bd,3e74ce28ed,,,"[""cuad-66""]",50,1,0,0.0,0.0,0,0.0,0.0,0-022b755afd-f987dae6bd
cuad-final-mab-k6-j4-budget50-seed42,behavior,MAB,42,022b755afd-f987dae6bd,MarshalAndScanDataOp,87882c5488,0.0,9.5367431640625e-07,cuad,,,0.0,4,6,0.0,022b755afd,,66,,,,cuad,,,,,,,,,True,f987dae6bd,3e74ce28ed,,,"[""cuad-18""]",50,1,0,0.0,0.0,0,0.0,0.0,0-022b755afd-f987dae6bd
cuad-final-mab-k6-j4-budget50-seed42,behavior,MAB,42,022b755afd-f987dae6bd,MarshalAndScanDataOp,c773141dd5,0.0,4.76837158203125e-07,cuad,,,0.0,4,6,0.0,022b755afd,,67,,,,cuad,,,,,,,,,True,f987dae6bd,3e74ce28ed,,,"[""cuad-44""]",50,1,0,0.0,0.0,0,0.0,0.0,0-022b755afd-f987dae6bd
cuad-final-mab-k6-j4-budget50-seed42,behavior,MAB,42,022b755afd-f987dae6bd,MarshalAndScanDataOp,996d1a52dd,0.0,4.76837158203125e-07,cuad,,,0.0,4,6,0.0,022b755afd,,68,,,,cuad,,,,,,,,,True,f987dae6bd,3e74ce28ed,,,"[""cuad-19""]",50,1,0,0.0,0.0,0,0.0,0.0,0-022b755afd-f987dae6bd
cuad-final-mab-k6-j4-budget50-seed42,behavior,MAB,42,022b755afd-f987dae6bd,MarshalAndScanDataOp,0da53ba87d,0.0,2.384185791015625e-07,cuad,,,0.0,4,6,0.0,022b755afd,,69,,,,cuad,,,,,,,,,True,f987dae6bd,3e74ce28ed,,,"[""cuad-53""]",50,1,0,0.0,0.0,0,0.0,0.0,0-022b755afd-f987dae6bd
cuad-final-mab-k6-j4-budget50-seed42,behavior,MAB,42,022b755afd-f987dae6bd,MarshalAndScanDataOp,11178bd628,0.0,2.384185791015625e-07,cuad,,,0.0,4,6,0.0,022b755afd,,70,,,,cuad,,,,,,,,,True,f987dae6bd,3e74ce28ed,,,"[""cuad-63""]",50,1,0,0.0,0.0,0,0.0,0.0,0-022b755afd-f987dae6bd
cuad-final-mab-k6-j4-budget50-seed42,behavior,MAB,42,022b755afd-f987dae6bd,MarshalAndScanDataOp,3839095d99,0.0,1.430511474609375e-06,cuad,,,0.0,4,6,0.0,022b755afd,,71,,,,cuad,,,,,,,,,True,f987dae6bd,3e74ce28ed,,,"[""cuad-9""]",50,1,0,0.0,0.0,0,0.0,0.0,0-022b755afd-f987dae6bd
cuad-final-mab-k6-j4-budget50-seed42,behavior,MAB,42,022b755afd-f987dae6bd,MarshalAndScanDataOp,453b8343b5,0.0,2.6226043701171875e-06,cuad,,,0.0,4,6,0.0,022b755afd,,72,,,,cuad,,,,,,,,,True,f987dae6bd,3e74ce28ed,,,"[""cuad-0""]",50,1,0,0.0,0.0,0,0.0,0.0,0-022b755afd-f987dae6bd
cuad-final-mab-k6-j4-budget50-seed42,behavior,MAB,42,022b755afd-f987dae6bd,MarshalAndScanDataOp,f300650e24,0.0,2.384185791015625e-07,cuad,,,0.0,4,6,0.0,022b755afd,,73,,,,cuad,,,,,,,,,True,f987dae6bd,3e74ce28ed,,,"[""cuad-65""]",50,1,0,0.0,0.0,0,0.0,0.0,0-022b755afd-f987dae6bd
cuad-final-mab-k6-j4-budget50-seed42,behavior,MAB,42,022b755afd-f987dae6bd,MarshalAndScanDataOp,4037996d34,0.0,2.384185791015625e-07,cuad,,,0.0,4,6,0.0,022b755afd,,74,,,,cuad,,,,,,,,,True,f987dae6bd,3e74ce28ed,,,"[""cuad-26""]",50,1,0,0.0,0.0,0,0.0,0.0,0-022b755afd-f987dae6bd
cuad-final-mab-k6-j4-budget50-seed42,behavior,MAB,42,022b755afd-f987dae6bd,MarshalAndScanDataOp,d71ba4b38d,0.0,2.384185791015625e-07,cuad,,,0.0,4,6,0.0,022b755afd,,75,,,,cuad,,,,,,,,,True,f987dae6bd,3e74ce28ed,,,"[""cuad-74""]",50,1,0,0.0,0.0,0,0.0,0.0,0-022b755afd-f987dae6bd
cuad-final-mab-k6-j4-budget50-seed42,behavior,MAB,42,022b755afd-f987dae6bd,MarshalAndScanDataOp,b36f535c6b,0.0,2.384185791015625e-07,cuad,,,0.0,4,6,0.0,022b755afd,,76,,,,cuad,,,,,,,,,True,f987dae6bd,3e74ce28ed,,,"[""cuad-38""]",50,1,0,0.0,0.0,0,0.0,0.0,0-022b755afd-f987dae6bd
cuad-final-mab-k6-j4-budget50-seed42,behavior,MAB,42,022b755afd-f987dae6bd,MarshalAndScanDataOp,dc3b30e456,0.0,9.5367431640625e-07,cuad,,,0.0,4,6,0.0,022b755afd,,77,,,,cuad,,,,,,,,,True,f987dae6bd,3e74ce28ed,,,"[""cuad-13""]",50,1,0,0.0,0.0,0,0.0,0.0,0-022b755afd-f987dae6bd
cuad-final-mab-k6-j4-budget50-seed42,behavior,MAB,42,022b755afd-f987dae6bd,MarshalAndScanDataOp,eae3597c16,0.0,4.76837158203125e-07,cuad,,,0.0,4,6,0.0,022b755afd,,78,,,,cuad,,,,,,,,,True,f987dae6bd,3e74ce28ed,,,"[""cuad-17""]",50,1,0,0.0,0.0,0,0.0,0.0,0-022b755afd-f987dae6bd
cuad-final-mab-k6-j4-budget50-seed42,behavior,MAB,42,022b755afd-f987dae6bd,MarshalAndScanDataOp,aa535d7914,0.0,4.76837158203125e-07,cuad,,,0.0,4,6,0.0,022b755afd,,79,,,,cuad,,,,,,,,,True,f987dae6bd,3e74ce28ed,,,"[""cuad-69""]",50,1,0,0.0,0.0,0,0.0,0.0,0-022b755afd-f987dae6bd
cuad-final-mab-k6-j4-budget50-seed42,behavior,MAB,42,022b755afd-f987dae6bd,MarshalAndScanDataOp,c715efd163,0.0,4.76837158203125e-07,cuad,,,0.0,4,6,0.0,022b755afd,,80,,,,cuad,,,,,,,,,True,f987dae6bd,3e74ce28ed,,,"[""cuad-5""]",50,1,0,0.0,0.0,0,0.0,0.0,0-022b755afd-f987dae6bd
cuad-final-mab-k6-j4-budget50-seed42,behavior,MAB,42,022b755afd-f987dae6bd,MarshalAndScanDataOp,4bacc7e1e8,0.0,2.384185791015625e-07,cuad,,,0.0,4,6,0.0,022b755afd,,81,,,,cuad,,,,,,,,,True,f987dae6bd,3e74ce28ed,,,"[""cuad-91""]",50,1,0,0.0,0.0,0,0.0,0.0,0-022b755afd-f987dae6bd
cuad-final-mab-k6-j4-budget50-seed42,behavior,MAB,42,022b755afd-f987dae6bd,MarshalAndScanDataOp,dcd89bbde1,0.0,4.76837158203125e-07,cuad,,,0.0,4,6,0.0,022b755afd,,82,,,,cuad,,,,,,,,,True,f987dae6bd,3e74ce28ed,,,"[""cuad-61""]",50,1,0,0.0,0.0,0,0.0,0.0,0-022b755afd-f987dae6bd
cuad-final-mab-k6-j4-budget50-seed42,behavior,MAB,42,022b755afd-f987dae6bd,MarshalAndScanDataOp,792b4ad4cd,0.0,4.76837158203125e-07,cuad,,,0.0,4,6,0.0,022b755afd,,83,,,,cuad,,,,,,,,,True,f987dae6bd,3e74ce28ed,,,"[""cuad-8""]",50,1,0,0.0,0.0,0,0.0,0.0,0-022b755afd-f987dae6bd
cuad-final-mab-k6-j4-budget50-seed42,behavior,MAB,42,022b755afd-f987dae6bd,MarshalAndScanDataOp,bf0c75401f,0.0,2.384185791015625e-07,cuad,,,0.0,4,6,0.0,022b755afd,,84,,,,cuad,,,,,,,,,True,f987dae6bd,3e74ce28ed,,,"[""cuad-33""]",50,1,0,0.0,0.0,0,0.0,0.0,0-022b755afd-f987dae6bd
cuad-final-mab-k6-j4-budget50-seed42,behavior,MAB,42,022b755afd-f987dae6bd,MarshalAndScanDataOp,75b3eebc70,0.0,2.384185791015625e-07,cuad,,,0.0,4,6,0.0,022b755afd,,85,,,,cuad,,,,,,,,,True,f987dae6bd,3e74ce28ed,,,"[""cuad-41""]",50,1,0,0.0,0.0,0,0.0,0.0,0-022b755afd-f987dae6bd
cuad-final-mab-k6-j4-budget50-seed42,behavior,MAB,42,022b755afd-f987dae6bd,MarshalAndScanDataOp,83f896703b,0.0,2.384185791015625e-07,cuad,,,0.0,4,6,0.0,022b755afd,,86,,,,cuad,,,,,,,,,True,f987dae6bd,3e74ce28ed,,,"[""cuad-51""]",50,1,0,0.0,0.0,0,0.0,0.0,0-022b755afd-f987dae6bd
cuad-final-mab-k6-j4-budget50-seed42,behavior,MAB,42,022b755afd-f987dae6bd,MarshalAndScanDataOp,df02edca7a,0.0,4.76837158203125e-07,cuad,,,0.0,4,6,0.0,022b755afd,,87,,,,cuad,,,,,,,,,True,f987dae6bd,3e74ce28ed,,,"[""cuad-14""]",50,1,0,0.0,0.0,0,0.0,0.0,0-022b755afd-f987dae6bd
cuad-final-mab-k6-j4-budget50-seed42,behavior,MAB,42,022b755afd-f987dae6bd,MarshalAndScanDataOp,65d57c4355,0.0,7.152557373046875e-07,cuad,,,0.0,4,6,0.0,022b755afd,,88,,,,cuad,,,,,,,,,True,f987dae6bd,3e74ce28ed,,,"[""cuad-34""]",50,1,0,0.0,0.0,0,0.0,0.0,0-022b755afd-f987dae6bd
cuad-final-mab-k6-j4-budget50-seed42,behavior,MAB,42,022b755afd-f987dae6bd,MarshalAndScanDataOp,373987e09b,0.0,2.384185791015625e-07,cuad,,,0.0,4,6,0.0,022b755afd,,89,,,,cuad,,,,,,,,,True,f987dae6bd,3e74ce28ed,,,"[""cuad-20""]",50,1,0,0.0,0.0,0,0.0,0.0,0-022b755afd-f987dae6bd
cuad-final-mab-k6-j4-budget50-seed42,behavior,MAB,42,022b755afd-f987dae6bd,MarshalAndScanDataOp,6eec3381d3,0.0,4.76837158203125e-07,cuad,,,0.0,4,6,0.0,022b755afd,,90,,,,cuad,,,,,,,,,True,f987dae6bd,3e74ce28ed,,,"[""cuad-89""]",50,1,0,0.0,0.0,0,0.0,0.0,0-022b755afd-f987dae6bd
cuad-final-mab-k6-j4-budget50-seed42,behavior,MAB,42,022b755afd-f987dae6bd,MarshalAndScanDataOp,e2548aaf4c,0.0,9.5367431640625e-06,cuad,,,0.0,4,6,0.0,022b755afd,,91,,,,cuad,,,,,,,,,True,f987dae6bd,3e74ce28ed,,,"[""cuad-12""]",50,1,0,0.0,0.0,0,0.0,0.0,0-022b755afd-f987dae6bd
cuad-final-mab-k6-j4-budget50-seed42,behavior,MAB,42,022b755afd-f987dae6bd,MarshalAndScanDataOp,468cbef32c,0.0,2.384185791015625e-07,cuad,,,0.0,4,6,0.0,022b755afd,,92,,,,cuad,,,,,,,,,True,f987dae6bd,3e74ce28ed,,,"[""cuad-40""]",50,1,0,0.0,0.0,0,0.0,0.0,0-022b755afd-f987dae6bd
cuad-final-mab-k6-j4-budget50-seed42,behavior,MAB,42,022b755afd-f987dae6bd,MarshalAndScanDataOp,53fed8f2d5,0.0,4.76837158203125e-07,cuad,,,0.0,4,6,0.0,022b755afd,,93,,,,cuad,,,,,,,,,True,f987dae6bd,3e74ce28ed,,,"[""cuad-10""]",50,1,0,0.0,0.0,0,0.0,0.0,0-022b755afd-f987dae6bd
cuad-final-mab-k6-j4-budget50-seed42,behavior,MAB,42,022b755afd-f987dae6bd,MarshalAndScanDataOp,2000f7c692,0.0,4.76837158203125e-07,cuad,,,0.0,4,6,0.0,022b755afd,,94,,,,cuad,,,,,,,,,True,f987dae6bd,3e74ce28ed,,,"[""cuad-96""]",50,1,0,0.0,0.0,0,0.0,0.0,0-022b755afd-f987dae6bd
cuad-final-mab-k6-j4-budget50-seed42,behavior,MAB,42,022b755afd-f987dae6bd,MarshalAndScanDataOp,dd7ab79213,0.0,2.384185791015625e-07,cuad,,,0.0,4,6,0.0,022b755afd,,95,,,,cuad,,,,,,,,,True,f987dae6bd,3e74ce28ed,,,"[""cuad-47""]",50,1,0,0.0,0.0,0,0.0,0.0,0-022b755afd-f987dae6bd
cuad-final-mab-k6-j4-budget50-seed42,behavior,MAB,42,022b755afd-f987dae6bd,MarshalAndScanDataOp,c4d5b33e4e,0.0,4.76837158203125e-07,cuad,,,0.0,4,6,0.0,022b755afd,,96,,,,cuad,,,,,,,,,True,f987dae6bd,3e74ce28ed,,,"[""cuad-70""]",50,1,0,0.0,0.0,0,0.0,0.0,0-022b755afd-f987dae6bd
cuad-final-mab-k6-j4-budget50-seed42,behavior,MAB,42,022b755afd-f987dae6bd,MarshalAndScanDataOp,4e150ad250,0.0,7.152557373046875e-07,cuad,,,0.0,4,6,0.0,022b755afd,,97,,,,cuad,,,,,,,,,True,f987dae6bd,3e74ce28ed,,,"[""cuad-6""]",50,1,0,0.0,0.0,0,0.0,0.0,0-022b755afd-f987dae6bd
cuad-final-mab-k6-j4-budget50-seed42,behavior,MAB,42,022b755afd-f987dae6bd,MarshalAndScanDataOp,d4b2ea52f9,0.0,2.384185791015625e-07,cuad,,,0.0,4,6,0.0,022b755afd,,98,,,,cuad,,,,,,,,,True,f987dae6bd,3e74ce28ed,,,"[""cuad-87""]",50,1,0,0.0,0.0,0,0.0,0.0,0-022b755afd-f987dae6bd
cuad-final-mab-k6-j4-budget50-seed42,behavior,MAB,42,022b755afd-f987dae6bd,MarshalAndScanDataOp,28f8365d31,0.0,4.76837158203125e-07,cuad,,,0.0,4,6,0.0,022b755afd,,99,,,,cuad,,,,,,,,,True,f987dae6bd,3e74ce28ed,,,"[""cuad-52""]",50,1,0,0.0,0.0,0,0.0,0.0,0-022b755afd-f987dae6bd
cuad-final-mab-k6-j4-budget50-seed42,behavior,MAB,42,81dd1f8073-180faa2848,MixtureOfAgentsConvert,68545e4b17,0.0009707499999999999,14.16196608543396,cuad,,False,0.0,4,6,14.158211946487427,81dd1f8073,,0,hosted_vllm/Qwen/Qwen2.5-14B-Instruct-AWQ,chain-of-thought-mixture-of-agents-aggregation,one-to-one,,None,None,None,['hosted_vllm/Qwen/Qwen2.5-14B-Instruct-AWQ'],chain-of-thought-mixture-of-agents-proposer,None,[0.4],None,True,180faa2848,3e74ce28ed,,"[""abe2cf40a0""]","[""cuad-68""]",50,1,0,0.0008782499999999999,3513.0,2,9.25e-05,370.0,1-81dd1f8073-180faa2848
cuad-final-mab-k6-j4-budget50-seed42,behavior,MAB,42,81dd1f8073-180faa2848,MixtureOfAgentsConvert,5a7aaa837a,0.0009707499999999999,14.176539421081543,cuad,,False,0.0,4,6,14.17241883277893,81dd1f8073,,1,hosted_vllm/Qwen/Qwen2.5-14B-Instruct-AWQ,chain-of-thought-mixture-of-agents-aggregation,one-to-one,,None,None,None,['hosted_vllm/Qwen/Qwen2.5-14B-Instruct-AWQ'],chain-of-thought-mixture-of-agents-proposer,None,[0.4],None,True,180faa2848,3e74ce28ed,,"[""255802db76""]","[""cuad-3""]",50,1,0,0.0008782499999999999,3513.0,2,9.25e-05,370.0,1-81dd1f8073-180faa2848
cuad-final-mab-k6-j4-budget50-seed42,behavior,MAB,42,81dd1f8073-180faa2848,MixtureOfAgentsConvert,a419e7bae1,0.0022319999999999996,34.64650082588196,cuad,,False,0.0,4,6,34.64313817024231,81dd1f8073,,2,hosted_vllm/Qwen/Qwen2.5-14B-Instruct-AWQ,chain-of-thought-mixture-of-agents-aggregation,one-to-one,,None,None,None,['hosted_vllm/Qwen/Qwen2.5-14B-Instruct-AWQ'],chain-of-thought-mixture-of-agents-proposer,None,[0.4],None,True,180faa2848,3e74ce28ed,,"[""fd32904239""]","[""cuad-32""]",50,1,0,0.00195525,7821.0,2,0.00027675,1107.0,1-81dd1f8073-180faa2848
cuad-final-mab-k6-j4-budget50-seed42,behavior,MAB,42,81dd1f8073-180faa2848,MixtureOfAgentsConvert,503ae3c819,0.002443,40.210442543029785,cuad,,True,0.0,4,6,40.20611643791199,81dd1f8073,,3,hosted_vllm/Qwen/Qwen2.5-14B-Instruct-AWQ,chain-of-thought-mixture-of-agents-aggregation,one-to-one,,None,None,None,['hosted_vllm/Qwen/Qwen2.5-14B-Instruct-AWQ'],chain-of-thought-mixture-of-agents-proposer,None,[0.4],None,True,180faa2848,3e74ce28ed,,"[""f93bb677c2""]","[""cuad-84""]",50,1,0,0.0021339999999999996,8536.0,2,0.000309,1236.0,1-81dd1f8073-180faa2848
cuad-final-mab-k6-j4-budget50-seed42,behavior,MAB,42,81dd1f8073-180faa2848,MixtureOfAgentsConvert,4c3c4f269a,0.0031522499999999997,76.66279125213623,cuad,,False,0.0,4,6,76.65948128700256,81dd1f8073,,4,hosted_vllm/Qwen/Qwen2.5-14B-Instruct-AWQ,chain-of-thought-mixture-of-agents-aggregation,one-to-one,,None,None,None,['hosted_vllm/Qwen/Qwen2.5-14B-Instruct-AWQ'],chain-of-thought-mixture-of-agents-proposer,None,[0.4],None,True,180faa2848,3e74ce28ed,,"[""3d4e2d4fa0""]","[""cuad-35""]",50,1,0,0.00261575,10463.0,2,0.0005365,2146.0,1-81dd1f8073-180faa2848
cuad-final-mab-k6-j4-budget50-seed42,behavior,MAB,42,81dd1f8073-180faa2848,MixtureOfAgentsConvert,c657085144,0.003503,98.95840191841125,cuad,,False,0.0,4,6,98.95388388633728,81dd1f8073,,5,hosted_vllm/Qwen/Qwen2.5-14B-Instruct-AWQ,chain-of-thought-mixture-of-agents-aggregation,one-to-one,,None,None,None,['hosted_vllm/Qwen/Qwen2.5-14B-Instruct-AWQ'],chain-of-thought-mixture-of-agents-proposer,None,[0.4],None,True,180faa2848,3e74ce28ed,,"[""9775516931""]","[""cuad-80""]",50,1,0,0.00280575,11223.0,2,0.0006972500000000001,2789.0,1-81dd1f8073-180faa2848
cuad-final-mab-k6-j4-budget50-seed42,behavior,MAB,42,81dd1f8073-180faa2848,MixtureOfAgentsConvert,8ac343530b,0.00466975,105.77748012542725,cuad,,True,0.0,4,6,105.77363324165344,81dd1f8073,,6,hosted_vllm/Qwen/Qwen2.5-14B-Instruct-AWQ,chain-of-thought-mixture-of-agents-aggregation,one-to-one,,None,None,None,['hosted_vllm/Qwen/Qwen2.5-14B-Instruct-AWQ'],chain-of-thought-mixture-of-agents-proposer,None,[0.4],None,True,180faa2848,3e74ce28ed,,"[""985036f287""]","[""cuad-43""]",50,1,0,0.00387075,15483.0,2,0.000799,3196.0,1-81dd1f8073-180faa2848
cuad-final-mab-k6-j4-budget50-seed42,behavior,MAB,42,81dd1f8073-180faa2848,MixtureOfAgentsConvert,8ad0da7a0b,0.00542025,109.60357069969177,cuad,,False,0.0,4,6,109.60067677497864,81dd1f8073,,7,hosted_vllm/Qwen/Qwen2.5-14B-Instruct-AWQ,chain-of-thought-mixture-of-agents-aggregation,one-to-one,,None,None,None,['hosted_vllm/Qwen/Qwen2.5-14B-Instruct-AWQ'],chain-of-thought-mixture-of-agents-proposer,None,[0.4],None,True,180faa2848,3e74ce28ed,,"[""ecd047222c""]","[""cuad-78""]",50,1,0,0.004627,18508.0,2,0.00079325,3173.0,1-81dd1f8073-180faa2848
cuad-final-mab-k6-j4-budget50-seed42,behavior,MAB,42,81dd1f8073-180faa2848,MixtureOfAgentsConvert,923b459fda,0.004198,115.87169337272644,cuad,,False,0.0,4,6,115.8679130077362,81dd1f8073,,8,hosted_vllm/Qwen/Qwen2.5-14B-Instruct-AWQ,chain-of-thought-mixture-of-agents-aggregation,one-to-one,,None,None,None,['hosted_vllm/Qwen/Qwen2.5-14B-Instruct-AWQ'],chain-of-thought-mixture-of-agents-proposer,None,[0.4],None,True,180faa2848,3e74ce28ed,,"[""b176a0dba7""]","[""cuad-95""]",50,1,0,0.0033669999999999998,13468.0,2,0.0008309999999999999,3324.0,1-81dd1f8073-180faa2848
cuad-final-mab-k6-j4-budget50-seed42,behavior,MAB,42,81dd1f8073-180faa2848,MixtureOfAgentsConvert,6c12f666f7,0.0052327499999999996,107.6670606136322,cuad,,False,0.0,4,6,107.66369676589966,81dd1f8073,,9,hosted_vllm/Qwen/Qwen2.5-14B-Instruct-AWQ,chain-of-thought-mixture-of-agents-aggregation,one-to-one,,None,None,None,['hosted_vllm/Qwen/Qwen2.5-14B-Instruct-AWQ'],chain-of-thought-mixture-of-agents-proposer,None,[0.4],None,True,180faa2848,3e74ce28ed,,"[""bf2ec5829a""]","[""cuad-76""]",50,1,0,0.00439925,17597.0,2,0.0008335,3334.0,1-81dd1f8073-180faa2848
cuad-final-mab-k6-j4-budget50-seed42,behavior,MAB,42,81dd1f8073-180faa2848,MixtureOfAgentsConvert,cd30baca55,0.005719999999999999,120.98025393486023,cuad,,False,0.0,4,6,120.97593665122986,81dd1f8073,,10,hosted_vllm/Qwen/Qwen2.5-14B-Instruct-AWQ,chain-of-thought-mixture-of-agents-aggregation,one-to-one,,None,None,None,['hosted_vllm/Qwen/Qwen2.5-14B-Instruct-AWQ'],chain-of-thought-mixture-of-agents-proposer,None,[0.4],None,True,180faa2848,3e74ce28ed,,"[""a34b527b9c""]","[""cuad-94""]",50,1,0,0.004893999999999999,19576.0,2,0.0008259999999999999,3304.0,1-81dd1f8073-180faa2848
cuad-final-mab-k6-j4-budget50-seed42,behavior,MAB,42,81dd1f8073-180faa2848,MixtureOfAgentsConvert,c1451e9ddc,0.004035749999999999,72.45982480049133,cuad,,True,0.0,4,6,72.45523858070374,81dd1f8073,,11,hosted_vllm/Qwen/Qwen2.5-14B-Instruct-AWQ,chain-of-thought-mixture-of-agents-aggregation,one-to-one,,None,None,None,['hosted_vllm/Qwen/Qwen2.5-14B-Instruct-AWQ'],chain-of-thought-mixture-of-agents-proposer,None,[0.4],None,True,180faa2848,3e74ce28ed,,"[""3966230a08""]","[""cuad-21""]",50,1,0,0.00351925,14077.0,2,0.0005164999999999999,2066.0,1-81dd1f8073-180faa2848
cuad-final-mab-k6-j4-budget50-seed42,behavior,MAB,42,81dd1f8073-180faa2848,MixtureOfAgentsConvert,03cd627b94,0.00475925,131.28173661231995,cuad,,False,0.0,4,6,131.27879405021667,81dd1f8073,,12,hosted_vllm/Qwen/Qwen2.5-14B-Instruct-AWQ,chain-of-thought-mixture-of-agents-aggregation,one-to-one,,None,None,None,['hosted_vllm/Qwen/Qwen2.5-14B-Instruct-AWQ'],chain-of-thought-mixture-of-agents-proposer,None,[0.4],None,True,180faa2848,3e74ce28ed,,"[""5cae385ee7""]","[""cuad-39""]",50,1,0,0.003988,15952.0,2,0.00077125,3085.0,1-81dd1f8073-180faa2848
cuad-final-mab-k6-j4-budget50-seed42,behavior,MAB,42,81dd1f8073-180faa2848,MixtureOfAgentsConvert,2eefd8f884,0.00407625,63.775553464889526,cuad,,True,0.0,4,6,63.77048993110657,81dd1f8073,,13,hosted_vllm/Qwen/Qwen2.5-14B-Instruct-AWQ,chain-of-thought-mixture-of-agents-aggregation,one-to-one,,None,None,None,['hosted_vllm/Qwen/Qwen2.5-14B-Instruct-AWQ'],chain-of-thought-mixture-of-agents-proposer,None,[0.4],None,True,180faa2848,3e74ce28ed,,"[""7ddab4003e""]","[""cuad-23""]",50,1,0,0.0036327499999999997,14531.0,2,0.0004435,1774.0,1-81dd1f8073-180faa2848
cuad-final-mab-k6-j4-budget50-seed42,behavior,MAB,42,81dd1f8073-180faa2848,MixtureOfAgentsConvert,d4505f7984,0.0009707499999999999,16.900540113449097,cuad,,False,0.0,4,6,16.895018577575684,81dd1f8073,,14,hosted_vllm/Qwen/Qwen2.5-14B-Instruct-AWQ,chain-of-thought-mixture-of-agents-aggregation,one-to-one,,None,None,None,['hosted_vllm/Qwen/Qwen2.5-14B-Instruct-AWQ'],chain-of-thought-mixture-of-agents-proposer,None,[0.4],None,True,180faa2848,3e74ce28ed,,"[""b1c941e16f""]","[""cuad-37""]",50,1,0,0.0008782499999999999,3513.0,2,9.25e-05,370.0,1-81dd1f8073-180faa2848
cuad-final-mab-k6-j4-budget50-seed42,behavior,MAB,42,81dd1f8073-180faa2848,MixtureOfAgentsConvert,022e9d398d,0.004267999999999999,94.49166870117188,cuad,,False,0.0,4,6,94.48799800872803,81dd1f8073,,15,hosted_vllm/Qwen/Qwen2.5-14B-Instruct-AWQ,chain-of-thought-mixture-of-agents-aggregation,one-to-one,,None,None,None,['hosted_vllm/Qwen/Qwen2.5-14B-Instruct-AWQ'],chain-of-thought-mixture-of-agents-proposer,None,[0.4],None,True,180faa2848,3e74ce28ed,,"[""5b0c4e1c62""]","[""cuad-67""]",50,1,0,0.00357525,14301.0,2,0.00069275,2771.0,1-81dd1f8073-180faa2848
cuad-final-mab-k6-j4-budget50-seed42,behavior,MAB,42,81dd1f8073-180faa2848,MixtureOfAgentsConvert,027a4e425b,0.0045165,105.47880625724792,cuad,,True,0.0,4,6,105.47369694709778,81dd1f8073,,16,hosted_vllm/Qwen/Qwen2.5-14B-Instruct-AWQ,chain-of-thought-mixture-of-agents-aggregation,one-to-one,,None,None,None,['hosted_vllm/Qwen/Qwen2.5-14B-Instruct-AWQ'],chain-of-thought-mixture-of-agents-proposer,None,[0.4],None,True,180faa2848,3e74ce28ed,,"[""c86b946e38""]","[""cuad-90""]",50,1,0,0.0037609999999999996,15044.0,2,0.0007555,3022.0,1-81dd1f8073-180faa2848
cuad-final-mab-k6-j4-budget50-seed42,behavior,MAB,42,81dd1f8073-180faa2848,MixtureOfAgentsConvert,d325cae7d9,0.0036612499999999996,92.26279783248901,cuad,,False,0.0,4,6,92.25909280776978,81dd1f8073,,17,hosted_vllm/Qwen/Qwen2.5-14B-Instruct-AWQ,chain-of-thought-mixture-of-agents-aggregation,one-to-one,,None,None,None,['hosted_vllm/Qwen/Qwen2.5-14B-Instruct-AWQ'],chain-of-thought-mixture-of-agents-proposer,None,[0.4],None,True,180faa2848,3e74ce28ed,,"[""71caf301d9""]","[""cuad-46""]",50,1,0,0.00299425,11977.0,2,0.0006670000000000001,2668.0,1-81dd1f8073-180faa2848
cuad-final-mab-k6-j4-budget50-seed42,behavior,MAB,42,81dd1f8073-180faa2848,MixtureOfAgentsConvert,2f729baad9,0.0009707499999999999,10.711938381195068,cuad,,False,0.0,4,6,10.70880126953125,81dd1f8073,,18,hosted_vllm/Qwen/Qwen2.5-14B-Instruct-AWQ,chain-of-thought-mixture-of-agents-aggregation,one-to-one,,None,None,None,['hosted_vllm/Qwen/Qwen2.5-14B-Instruct-AWQ'],chain-of-thought-mixture-of-agents-proposer,None,[0.4],None,True,180faa2848,3e74ce28ed,,"[""aab27437c3""]","[""cuad-75""]",50,1,0,0.0008782499999999999,3513.0,2,9.25e-05,370.0,1-81dd1f8073-180faa2848
cuad-final-mab-k6-j4-budget50-seed42,behavior,MAB,42,81dd1f8073-180faa2848,MixtureOfAgentsConvert,a20cce898d,0.0024045,38.45897054672241,cuad,,False,0.0,4,6,38.45629620552063,81dd1f8073,,19,hosted_vllm/Qwen/Qwen2.5-14B-Instruct-AWQ,chain-of-thought-mixture-of-agents-aggregation,one-to-one,,None,None,None,['hosted_vllm/Qwen/Qwen2.5-14B-Instruct-AWQ'],chain-of-thought-mixture-of-agents-proposer,None,[0.4],None,True,180faa2848,3e74ce28ed,,"[""2c1edb5b31""]","[""cuad-77""]",50,1,0,0.0021065,8426.0,2,0.000298,1192.0,1-81dd1f8073-180faa2848
cuad-final-mab-k6-j4-budget50-seed42,behavior,MAB,42,81dd1f8073-180faa2848,MixtureOfAgentsConvert,2fcfb41c22,0.0042855,91.97431659698486,cuad,,False,0.0,4,6,91.9697539806366,81dd1f8073,,20,hosted_vllm/Qwen/Qwen2.5-14B-Instruct-AWQ,chain-of-thought-mixture-of-agents-aggregation,one-to-one,,None,None,None,['hosted_vllm/Qwen/Qwen2.5-14B-Instruct-AWQ'],chain-of-thought-mixture-of-agents-proposer,None,[0.4],None,True,180faa2848,3e74ce28ed,,"[""c8d21e49ed""]","[""cuad-72""]",50,1,0,0.0035847500000000003,14339.0,2,0.00070075,2803.0,1-81dd1f8073-180faa2848
cuad-final-mab-k6-j4-budget50-seed42,behavior,MAB,42,81dd1f8073-180faa2848,MixtureOfAgentsConvert,5a0a8a38f0,0.0009707499999999999,9.891274452209473,cuad,,False,0.0,4,6,9.885679244995117,81dd1f8073,,21,hosted_vllm/Qwen/Qwen2.5-14B-Instruct-AWQ,chain-of-thought-mixture-of-agents-aggregation,one-to-one,,None,None,None,['hosted_vllm/Qwen/Qwen2.5-14B-Instruct-AWQ'],chain-of-thought-mixture-of-agents-proposer,None,[0.4],None,True,180faa2848,3e74ce28ed,,"[""354db1c09b""]","[""cuad-50""]",50,1,0,0.0008782499999999999,3513.0,2,9.25e-05,370.0,1-81dd1f8073-180faa2848
cuad-final-mab-k6-j4-budget50-seed42,behavior,MAB,42,81dd1f8073-180faa2848,MixtureOfAgentsConvert,4493f156de,0.0009707499999999999,10.451131820678711,cuad,,False,0.0,4,6,10.445098638534546,81dd1f8073,,22,hosted_vllm/Qwen/Qwen2.5-14B-Instruct-AWQ,chain-of-thought-mixture-of-agents-aggregation,one-to-one,,None,None,None,['hosted_vllm/Qwen/Qwen2.5-14B-Instruct-AWQ'],chain-of-thought-mixture-of-agents-proposer,None,[0.4],None,True,180faa2848,3e74ce28ed,,"[""90c953f5c6""]","[""cuad-36""]",50,1,0,0.0008782499999999999,3513.0,2,9.25e-05,370.0,1-81dd1f8073-180faa2848
cuad-final-mab-k6-j4-budget50-seed42,behavior,MAB,42,81dd1f8073-180faa2848,MixtureOfAgentsConvert,2e07073dae,0.0009707499999999999,11.273264169692993,cuad,,False,0.0,4,6,11.270428895950317,81dd1f8073,,23,hosted_vllm/Qwen/Qwen2.5-14B-Instruct-AWQ,chain-of-thought-mixture-of-agents-aggregation,one-to-one,,None,None,None,['hosted_vllm/Qwen/Qwen2.5-14B-Instruct-AWQ'],chain-of-thought-mixture-of-agents-proposer,None,[0.4],None,True,180faa2848,3e74ce28ed,,"[""6b6edf37be""]","[""cuad-2""]",50,1,0,0.0008782499999999999,3513.0,2,9.25e-05,370.0,1-81dd1f8073-180faa2848
cuad-final-mab-k6-j4-budget50-seed42,behavior,MAB,42,81dd1f8073-180faa2848,MixtureOfAgentsConvert,810be6ee08,0.0038135,74.61449217796326,cuad,,False,0.0,4,6,74.61110067367554,81dd1f8073,,24,hosted_vllm/Qwen/Qwen2.5-14B-Instruct-AWQ,chain-of-thought-mixture-of-agents-aggregation,one-to-one,,None,None,None,['hosted_vllm/Qwen/Qwen2.5-14B-Instruct-AWQ'],chain-of-thought-mixture-of-agents-proposer,None,[0.4],None,True,180faa2848,3e74ce28ed,,"[""be92effece""]","[""cuad-71""]",50,1,0,0.00317725,12709.0,2,0.00063625,2545.0,1-81dd1f8073-180faa2848
cuad-final-mab-k6-j4-budget50-seed42,behavior,MAB,42,81dd1f8073-180faa2848,MixtureOfAgentsConvert,a6a2d964cd,0.004484999999999999,95.2361330986023,cuad,,False,0.0,4,6,95.23033094406128,81dd1f8073,,25,hosted_vllm/Qwen/Qwen2.5-14B-Instruct-AWQ,chain-of-thought-mixture-of-agents-aggregation,one-to-one,,None,None,None,['hosted_vllm/Qwen/Qwen2.5-14B-Instruct-AWQ'],chain-of-thought-mixture-of-agents-proposer,None,[0.4],None,True,180faa2848,3e74ce28ed,,"[""3611537fff""]","[""cuad-85""]",50,1,0,0.00372325,14893.0,2,0.00076175,3047.0,1-81dd1f8073-180faa2848
cuad-final-mab-k6-j4-budget50-seed42,behavior,MAB,42,81dd1f8073-180faa2848,MixtureOfAgentsConvert,83f3f795d1,0.0032787499999999995,62.888694763183594,cuad,,False,0.0,4,6,62.88491702079773,81dd1f8073,,26,hosted_vllm/Qwen/Qwen2.5-14B-Instruct-AWQ,chain-of-thought-mixture-of-agents-aggregation,one-to-one,,None,None,None,['hosted_vllm/Qwen/Qwen2.5-14B-Instruct-AWQ'],chain-of-thought-mixture-of-agents-proposer,None,[0.4],None,True,180faa2848,3e74ce28ed,,"[""aff172e2c5""]","[""cuad-48""]",50,1,0,0.0027494999999999998,10998.0,2,0.00052925,2117.0,1-81dd1f8073-180faa2848
cuad-final-mab-k6-j4-budget50-seed42,behavior,MAB,42,81dd1f8073-180faa2848,MixtureOfAgentsConvert,c09d5a3cea,0.0034992499999999998,76.77548003196716,cuad,,False,0.0,4,6,76.77043604850769,81dd1f8073,,27,hosted_vllm/Qwen/Qwen2.5-14B-Instruct-AWQ,chain-of-thought-mixture-of-agents-aggregation,one-to-one,,None,None,None,['hosted_vllm/Qwen/Qwen2.5-14B-Instruct-AWQ'],chain-of-thought-mixture-of-agents-proposer,None,[0.4],None,True,180faa2848,3e74ce28ed,,"[""2ed8504b8a""]","[""cuad-98""]",50,1,0,0.002851,11404.0,2,0.00064825,2593.0,1-81dd1f8073-180faa2848
cuad-final-mab-k6-j4-budget50-seed42,behavior,MAB,42,81dd1f8073-180faa2848,MixtureOfAgentsConvert,4072929122,0.0033204999999999997,68.11615753173828,cuad,,False,0.0,4,6,68.1121335029602,81dd1f8073,,28,hosted_vllm/Qwen/Qwen2.5-14B-Instruct-AWQ,chain-of-thought-mixture-of-agents-aggregation,one-to-one,,None,None,None,['hosted_vllm/Qwen/Qwen2.5-14B-Instruct-AWQ'],chain-of-thought-mixture-of-agents-proposer,None,[0.4],None,True,180faa2848,3e74ce28ed,,"[""c09b4965e2""]","[""cuad-30""]",50,1,0,0.00273925,10957.0,2,0.00058125,2325.0,1-81dd1f8073-180faa2848
cuad-final-mab-k6-j4-budget50-seed42,behavior,MAB,42,81dd1f8073-180faa2848,MixtureOfAgentsConvert,485edb95e2,0.006666249999999999,143.63396000862122,cuad,,False,0.0,4,6,143.62947392463684,81dd1f8073,,29,hosted_vllm/Qwen/Qwen2.5-14B-Instruct-AWQ,chain-of-thought-mixture-of-agents-aggregation,one-to-one,,None,None,None,['hosted_vllm/Qwen/Qwen2.5-14B-Instruct-AWQ'],chain-of-thought-mixture-of-agents-proposer,None,[0.4],None,True,180faa2848,3e74ce28ed,,"[""b44eb790a1""]","[""cuad-42""]",50,1,0,0.005523749999999999,22095.0,2,0.0011425,4570.0,1-81dd1f8073-180faa2848
cuad-final-mab-k6-j4-budget50-seed42,behavior,MAB,42,81dd1f8073-180faa2848,MixtureOfAgentsConvert,a851025fd7,0.0009707499999999999,15.675084352493286,cuad,,False,0.0,4,6,15.672312021255493,81dd1f8073,,30,hosted_vllm/Qwen/Qwen2.5-14B-Instruct-AWQ,chain-of-thought-mixture-of-agents-aggregation,one-to-one,,None,None,None,['hosted_vllm/Qwen/Qwen2.5-14B-Instruct-AWQ'],chain-of-thought-mixture-of-agents-proposer,None,[0.4],None,True,180faa2848,3e74ce28ed,,"[""debd7cdff3""]","[""cuad-58""]",50,1,0,0.0008782499999999999,3513.0,2,9.25e-05,370.0,1-81dd1f8073-180faa2848
cuad-final-mab-k6-j4-budget50-seed42,behavior,MAB,42,81dd1f8073-180faa2848,MixtureOfAgentsConvert,850f42f90c,0.00433375,101.4687180519104,cuad,,False,0.0,4,6,101.46568655967712,81dd1f8073,,31,hosted_vllm/Qwen/Qwen2.5-14B-Instruct-AWQ,chain-of-thought-mixture-of-agents-aggregation,one-to-one,,None,None,None,['hosted_vllm/Qwen/Qwen2.5-14B-Instruct-AWQ'],chain-of-thought-mixture-of-agents-proposer,None,[0.4],None,True,180faa2848,3e74ce28ed,,"[""87ee237e90""]","[""cuad-86""]",50,1,0,0.00353775,14151.0,2,0.000796,3184.0,1-81dd1f8073-180faa2848
cuad-final-mab-k6-j4-budget50-seed42,behavior,MAB,42,81dd1f8073-180faa2848,MixtureOfAgentsConvert,3746c282bd,0.00601125,23.29652714729309,cuad,,False,0.0,4,6,23.293466806411743,81dd1f8073,,32,hosted_vllm/Qwen/Qwen2.5-14B-Instruct-AWQ,chain-of-thought-mixture-of-agents-aggregation,one-to-one,,None,None,None,['hosted_vllm/Qwen/Qwen2.5-14B-Instruct-AWQ'],chain-of-thought-mixture-of-agents-proposer,None,[0.4],None,True,180faa2848,3e74ce28ed,,"[""b217a4210e""]","[""cuad-22""]",50,1,0,0.0058779999999999995,23512.0,2,0.00013324999999999999,533.0,1-81dd1f8073-180faa2848
cuad-final-mab-k6-j4-budget50-seed42,behavior,MAB,42,81dd1f8073-180faa2848,MixtureOfAgentsConvert,acc210cbcc,0.0041165,106.652108669281,cuad,,False,0.0,4,6,106.64645075798035,81dd1f8073,,33,hosted_vllm/Qwen/Qwen2.5-14B-Instruct-AWQ,chain-of-thought-mixture-of-agents-aggregation,one-to-one,,None,None,None,['hosted_vllm/Qwen/Qwen2.5-14B-Instruct-AWQ'],chain-of-thought-mixture-of-agents-proposer,None,[0.4],None,True,180faa2848,3e74ce28ed,,"[""20898b20c7""]","[""cuad-7""]",50,1,0,0.00328075,13123.0,2,0.0008357499999999999,3343.0,1-81dd1f8073-180faa2848
cuad-final-mab-k6-j4-budget50-seed42,behavior,MAB,42,81dd1f8073-180faa2848,MixtureOfAgentsConvert,b5ee4d0278,0.004176,98.08498787879944,cuad,,False,0.0,4,6,98.08152937889099,81dd1f8073,,34,hosted_vllm/Qwen/Qwen2.5-14B-Instruct-AWQ,chain-of-thought-mixture-of-agents-aggregation,one-to-one,,None,None,None,['hosted_vllm/Qwen/Qwen2.5-14B-Instruct-AWQ'],chain-of-thought-mixture-of-agents-proposer,None,[0.4],None,True,180faa2848,3e74ce28ed,,"[""380c3cb459""]","[""cuad-59""]",50,1,0,0.0034709999999999997,13884.0,2,0.000705,2820.0,1-81dd1f8073-180faa2848
cuad-final-mab-k6-j4-budget50-seed42,behavior,MAB,42,81dd1f8073-180faa2848,MixtureOfAgentsConvert,941364305c,0.0038664999999999997,110.58141374588013,cuad,,False,0.0,4,6,110.57694721221924,81dd1f8073,,35,hosted_vllm/Qwen/Qwen2.5-14B-Instruct-AWQ,chain-of-thought-mixture-of-agents-aggregation,one-to-one,,None,None,None,['hosted_vllm/Qwen/Qwen2.5-14B-Instruct-AWQ'],chain-of-thought-mixture-of-agents-proposer,None,[0.4],None,True,180faa2848,3e74ce28ed,,"[""71bacab373""]","[""cuad-25""]",50,1,0,0.00313,12520.0,2,0.0007365,2946.0,1-81dd1f8073-180faa2848
cuad-final-mab-k6-j4-budget50-seed42,behavior,MAB,42,81dd1f8073-180faa2848,MixtureOfAgentsConvert,6063e4e073,0.00387625,94.08742427825928,cuad,,False,0.0,4,6,94.08195209503174,81dd1f8073,,36,hosted_vllm/Qwen/Qwen2.5-14B-Instruct-AWQ,chain-of-thought-mixture-of-agents-aggregation,one-to-one,,None,None,None,['hosted_vllm/Qwen/Qwen2.5-14B-Instruct-AWQ'],chain-of-thought-mixture-of-agents-proposer,None,[0.4],None,True,180faa2848,3e74ce28ed,,"[""75658233c4""]","[""cuad-82""]",50,1,0,0.0031917499999999997,12767.0,2,0.0006845,2738.0,1-81dd1f8073-180faa2848
cuad-final-mab-k6-j4-budget50-seed42,behavior,MAB,42,81dd1f8073-180faa2848,MixtureOfAgentsConvert,cc412c05fb,0.00349275,89.5453200340271,cuad,,False,0.0,4,6,89.54286193847656,81dd1f8073,,37,hosted_vllm/Qwen/Qwen2.5-14B-Instruct-AWQ,chain-of-thought-mixture-of-agents-aggregation,one-to-one,,None,None,None,['hosted_vllm/Qwen/Qwen2.5-14B-Instruct-AWQ'],chain-of-thought-mixture-of-agents-proposer,None,[0.4],None,True,180faa2848,3e74ce28ed,,"[""78d0181b9f""]","[""cuad-60""]",50,1,0,0.00291175,11647.0,2,0.0005809999999999999,2324.0,1-81dd1f8073-180faa2848
cuad-final-mab-k6-j4-budget50-seed42,behavior,MAB,42,81dd1f8073-180faa2848,MixtureOfAgentsConvert,a61b922cf1,0.00502425,51.70265793800354,cuad,,True,0.0,4,6,51.69828152656555,81dd1f8073,,38,hosted_vllm/Qwen/Qwen2.5-14B-Instruct-AWQ,chain-of-thought-mixture-of-agents-aggregation,one-to-one,,None,None,None,['hosted_vllm/Qwen/Qwen2.5-14B-Instruct-AWQ'],chain-of-thought-mixture-of-agents-proposer,None,[0.4],None,True,180faa2848,3e74ce28ed,,"[""b1845cba29""]","[""cuad-27""]",50,1,0,0.004718,18872.0,2,0.00030625,1225.0,1-81dd1f8073-180faa2848
cuad-final-mab-k6-j4-budget50-seed42,behavior,MAB,42,81dd1f8073-180faa2848,MixtureOfAgentsConvert,6d3ee336ba,0.0033872499999999996,66.26582837104797,cuad,,False,0.0,4,6,66.26225471496582,81dd1f8073,,39,hosted_vllm/Qwen/Qwen2.5-14B-Instruct-AWQ,chain-of-thought-mixture-of-agents-aggregation,one-to-one,,None,None,None,['hosted_vllm/Qwen/Qwen2.5-14B-Instruct-AWQ'],chain-of-thought-mixture-of-agents-proposer,None,[0.4],None,True,180faa2848,3e74ce28ed,,"[""30dd551a16""]","[""cuad-15""]",50,1,0,0.0029757499999999997,11903.0,2,0.0004115,1646.0,1-81dd1f8073-180faa2848
cuad-final-mab-k6-j4-budget50-seed42,behavior,MAB,42,81dd1f8073-180faa2848,MixtureOfAgentsConvert,d49bd1dd33,0.0009707499999999999,25.505151510238647,cuad,,False,0.0,4,6,25.500187158584595,81dd1f8073,,40,hosted_vllm/Qwen/Qwen2.5-14B-Instruct-AWQ,chain-of-thought-mixture-of-agents-aggregation,one-to-one,,None,None,None,['hosted_vllm/Qwen/Qwen2.5-14B-Instruct-AWQ'],chain-of-thought-mixture-of-agents-proposer,None,[0.4],None,True,180faa2848,3e74ce28ed,,"[""bb82c30c4b""]","[""cuad-29""]",50,1,0,0.0008782499999999999,3513.0,2,9.25e-05,370.0,1-81dd1f8073-180faa2848
cuad-final-mab-k6-j4-budget50-seed42,behavior,MAB,42,81dd1f8073-180faa2848,MixtureOfAgentsConvert,82e8ebea74,0.00673775,121.20864248275757,cuad,,False,0.0,4,6,121.20528602600098,81dd1f8073,,41,hosted_vllm/Qwen/Qwen2.5-14B-Instruct-AWQ,chain-of-thought-mixture-of-agents-aggregation,one-to-one,,None,None,None,['hosted_vllm/Qwen/Qwen2.5-14B-Instruct-AWQ'],chain-of-thought-mixture-of-agents-proposer,None,[0.4],None,True,180faa2848,3e74ce28ed,,"[""6baa826979""]","[""cuad-28""]",50,1,0,0.00584,23360.0,2,0.00089775,3591.0,1-81dd1f8073-180faa2848
cuad-final-mab-k6-j4-budget50-seed42,behavior,MAB,42,81dd1f8073-180faa2848,MixtureOfAgentsConvert,c6214c30f4,0.0041655,108.88304829597473,cuad,,False,0.0,4,6,108.87873101234436,81dd1f8073,,42,hosted_vllm/Qwen/Qwen2.5-14B-Instruct-AWQ,chain-of-thought-mixture-of-agents-aggregation,one-to-one,,None,None,None,['hosted_vllm/Qwen/Qwen2.5-14B-Instruct-AWQ'],chain-of-thought-mixture-of-agents-proposer,None,[0.4],None,True,180faa2848,3e74ce28ed,,"[""0d88534bd5""]","[""cuad-24""]",50,1,0,0.00346175,13847.0,2,0.00070375,2815.0,1-81dd1f8073-180faa2848
cuad-final-mab-k6-j4-budget50-seed42,behavior,MAB,42,81dd1f8073-180faa2848,MixtureOfAgentsConvert,fbcd8786b3,0.0031882499999999997,76.00914359092712,cuad,,True,0.0,4,6,76.00314474105835,81dd1f8073,,43,hosted_vllm/Qwen/Qwen2.5-14B-Instruct-AWQ,chain-of-thought-mixture-of-agents-aggregation,one-to-one,,None,None,None,['hosted_vllm/Qwen/Qwen2.5-14B-Instruct-AWQ'],chain-of-thought-mixture-of-agents-proposer,None,[0.4],None,True,180faa2848,3e74ce28ed,,"[""4740f75a9f""]","[""cuad-16""]",50,1,0,0.0028127499999999997,11251.0,2,0.00037549999999999997,1502.0,1-81dd1f8073-180faa2848
cuad-final-mab-k6-j4-budget50-seed42,behavior,MAB,42,81dd1f8073-180faa2848,MixtureOfAgentsConvert,5c9570b481,0.00294875,89.38110613822937,cuad,,False,0.0,4,6,89.37720203399658,81dd1f8073,,44,hosted_vllm/Qwen/Qwen2.5-14B-Instruct-AWQ,chain-of-thought-mixture-of-agents-aggregation,one-to-one,,None,None,None,['hosted_vllm/Qwen/Qwen2.5-14B-Instruct-AWQ'],chain-of-thought-mixture-of-agents-proposer,None,[0.4],None,True,180faa2848,3e74ce28ed,,"[""89d1c1f5b5""]","[""cuad-88""]",50,1,0,0.002336,9344.0,2,0.00061275,2451.0,1-81dd1f8073-180faa2848
cuad-final-mab-k6-j4-budget50-seed42,behavior,MAB,42,81dd1f8073-180faa2848,MixtureOfAgentsConvert,d4e114b9c5,0.00400675,92.56294703483582,cuad,,False,0.0,4,6,92.55824899673462,81dd1f8073,,45,hosted_vllm/Qwen/Qwen2.5-14B-Instruct-AWQ,chain-of-thought-mixture-of-agents-aggregation,one-to-one,,None,None,None,['hosted_vllm/Qwen/Qwen2.5-14B-Instruct-AWQ'],chain-of-thought-mixture-of-agents-proposer,None,[0.4],None,True,180faa2848,3e74ce28ed,,"[""de533e4a54""]","[""cuad-97""]",50,1,0,0.00333725,13349.0,2,0.0006695,2678.0,1-81dd1f8073-180faa2848
cuad-final-mab-k6-j4-budget50-seed42,behavior,MAB,42,81dd1f8073-180faa2848,MixtureOfAgentsConvert,33cec62479,0.0009707499999999999,30.260295867919922,cuad,,False,0.0,4,6,30.253735780715942,81dd1f8073,,46,hosted_vllm/Qwen/Qwen2.5-14B-Instruct-AWQ,chain-of-thought-mixture-of-agents-aggregation,one-to-one,,None,None,None,['hosted_vllm/Qwen/Qwen2.5-14B-Instruct-AWQ'],chain-of-thought-mixture-of-agents-proposer,None,[0.4],None,True,180faa2848,3e74ce28ed,,"[""38207b99d9""]","[""cuad-83""]",50,1,0,0.0008782499999999999,3513.0,2,9.25e-05,370.0,1-81dd1f8073-180faa2848
cuad-final-mab-k6-j4-budget50-seed42,behavior,MAB,42,81dd1f8073-180faa2848,MixtureOfAgentsConvert,0138b36353,0.00545225,121.94126462936401,cuad,,True,0.0,4,6,121.93659687042236,81dd1f8073,,47,hosted_vllm/Qwen/Qwen2.5-14B-Instruct-AWQ,chain-of-thought-mixture-of-agents-aggregation,one-to-one,,None,None,None,['hosted_vllm/Qwen/Qwen2.5-14B-Instruct-AWQ'],chain-of-thought-mixture-of-agents-proposer,None,[0.4],None,True,180faa2848,3e74ce28ed,,"[""cde05a028f""]","[""cuad-99""]",50,1,0,0.004566499999999999,18266.0,2,0.0008857499999999999,3543.0,1-81dd1f8073-180faa2848
cuad-final-mab-k6-j4-budget50-seed42,behavior,MAB,42,81dd1f8073-180faa2848,MixtureOfAgentsConvert,2f024eeafb,0.00586275,161.816157579422,cuad,,False,0.0,4,6,161.81013679504395,81dd1f8073,,48,hosted_vllm/Qwen/Qwen2.5-14B-Instruct-AWQ,chain-of-thought-mixture-of-agents-aggregation,one-to-one,,None,None,None,['hosted_vllm/Qwen/Qwen2.5-14B-Instruct-AWQ'],chain-of-thought-mixture-of-agents-proposer,None,[0.4],None,True,180faa2848,3e74ce28ed,,"[""e5daf73b10""]","[""cuad-11""]",50,1,0,0.004703499999999999,18814.0,2,0.0011592500000000001,4637.0,1-81dd1f8073-180faa2848
cuad-final-mab-k6-j4-budget50-seed42,behavior,MAB,42,81dd1f8073-180faa2848,MixtureOfAgentsConvert,131b03f1e1,0.0009707499999999999,45.05423927307129,cuad,,False,0.0,4,6,45.04914879798889,81dd1f8073,,49,hosted_vllm/Qwen/Qwen2.5-14B-Instruct-AWQ,chain-of-thought-mixture-of-agents-aggregation,one-to-one,,None,None,None,['hosted_vllm/Qwen/Qwen2.5-14B-Instruct-AWQ'],chain-of-thought-mixture-of-agents-proposer,None,[0.4],None,True,180faa2848,3e74ce28ed,,"[""c39e23f47a""]","[""cuad-1""]",50,1,0,0.0008782499999999999,3513.0,2,9.25e-05,370.0,1-81dd1f8073-180faa2848
cuad-final-mab-k6-j4-budget50-seed42,behavior,MAB,42,81dd1f8073-180faa2848,MixtureOfAgentsConvert,c57207c20f,0.0029362499999999996,82.66224694252014,cuad,,False,0.0,4,6,82.6591317653656,81dd1f8073,,50,hosted_vllm/Qwen/Qwen2.5-14B-Instruct-AWQ,chain-of-thought-mixture-of-agents-aggregation,one-to-one,,None,None,None,['hosted_vllm/Qwen/Qwen2.5-14B-Instruct-AWQ'],chain-of-thought-mixture-of-agents-proposer,None,[0.4],None,True,180faa2848,3e74ce28ed,,"[""b5caec43c9""]","[""cuad-64""]",50,1,0,0.00263125,10525.0,2,0.000305,1220.0,1-81dd1f8073-180faa2848
cuad-final-mab-k6-j4-budget50-seed42,behavior,MAB,42,81dd1f8073-180faa2848,MixtureOfAgentsConvert,7c4d938ce9,0.006551,105.76037216186523,cuad,,False,0.0,4,6,105.75606155395508,81dd1f8073,,51,hosted_vllm/Qwen/Qwen2.5-14B-Instruct-AWQ,chain-of-thought-mixture-of-agents-aggregation,one-to-one,,None,None,None,['hosted_vllm/Qwen/Qwen2.5-14B-Instruct-AWQ'],chain-of-thought-mixture-of-agents-proposer,None,[0.4],None,True,180faa2848,3e74ce28ed,,"[""1cb4b90696""]","[""cuad-55""]",50,1,0,0.0058702500000000005,23481.0,2,0.0006807499999999999,2723.0,1-81dd1f8073-180faa2848
cuad-final-mab-k6-j4-budget50-seed42,behavior,MAB,42,81dd1f8073-180faa2848,MixtureOfAgentsConvert,438a7d66a8,0.006319249999999999,134.24337434768677,cuad,,False,0.0,4,6,134.23867630958557,81dd1f8073,,52,hosted_vllm/Qwen/Qwen2.5-14B-Instruct-AWQ,chain-of-thought-mixture-of-agents-aggregation,one-to-one,,None,None,None,['hosted_vllm/Qwen/Qwen2.5-14B-Instruct-AWQ'],chain-of-thought-mixture-of-agents-proposer,None,[0.4],None,True,180faa2848,3e74ce28ed,,"[""2c26b02bbd""]","[""cuad-56""]",50,1,0,0.00560625,22425.0,2,0.000713,2852.0,1-81dd1f8073-180faa2848
cuad-final-mab-k6-j4-budget50-seed42,behavior,MAB,42,81dd1f8073-180faa2848,MixtureOfAgentsConvert,25fb48ffd9,0.0009707499999999999,12.07326078414917,cuad,,False,0.0,4,6,12.067058324813843,81dd1f8073,,53,hosted_vllm/Qwen/Qwen2.5-14B-Instruct-AWQ,chain-of-thought-mixture-of-agents-aggregation,one-to-one,,None,None,None,['hosted_vllm/Qwen/Qwen2.5-14B-Instruct-AWQ'],chain-of-thought-mixture-of-agents-proposer,None,[0.4],None,True,180faa2848,3e74ce28ed,,"[""c8bdb402e3""]","[""cuad-62""]",50,1,0,0.0008782499999999999,3513.0,2,9.25e-05,370.0,1-81dd1f8073-180faa2848
cuad-final-mab-k6-j4-budget50-seed42,behavior,MAB,42,81dd1f8073-180faa2848,MixtureOfAgentsConvert,8d322c651a,0.00231025,29.708943367004395,cuad,,False,0.0,4,6,29.704900979995728,81dd1f8073,,54,hosted_vllm/Qwen/Qwen2.5-14B-Instruct-AWQ,chain-of-thought-mixture-of-agents-aggregation,one-to-one,,None,None,None,['hosted_vllm/Qwen/Qwen2.5-14B-Instruct-AWQ'],chain-of-thought-mixture-of-agents-proposer,None,[0.4],None,True,180faa2848,3e74ce28ed,,"[""e9a4f57281""]","[""cuad-93""]",50,1,0,0.00204975,8199.0,2,0.0002605,1042.0,1-81dd1f8073-180faa2848
cuad-final-mab-k6-j4-budget50-seed42,behavior,MAB,42,81dd1f8073-180faa2848,MixtureOfAgentsConvert,4d99f005d9,0.0065315,116.72625803947449,cuad,,False,0.0,4,6,116.71633434295654,81dd1f8073,,55,hosted_vllm/Qwen/Qwen2.5-14B-Instruct-AWQ,chain-of-thought-mixture-of-agents-aggregation,one-to-one,,None,None,None,['hosted_vllm/Qwen/Qwen2.5-14B-Instruct-AWQ'],chain-of-thought-mixture-of-agents-proposer,None,[0.4],None,True,180faa2848,3e74ce28ed,,"[""d4ad11305c""]","[""cuad-54""]",50,1,0,0.00585075,23403.0,2,0.00068075,2723.0,1-81dd1f8073-180faa2848
cuad-final-mab-k6-j4-budget50-seed42,behavior,MAB,42,81dd1f8073-180faa2848,MixtureOfAgentsConvert,fc0dc9a2d9,0.0009707499999999999,9.955243110656738,cuad,,False,0.0,4,6,9.951335191726685,81dd1f8073,,56,hosted_vllm/Qwen/Qwen2.5-14B-Instruct-AWQ,chain-of-thought-mixture-of-agents-aggregation,one-to-one,,None,None,None,['hosted_vllm/Qwen/Qwen2.5-14B-Instruct-AWQ'],chain-of-thought-mixture-of-agents-proposer,None,[0.4],None,True,180faa2848,3e74ce28ed,,"[""b051587d28""]","[""cuad-49""]",50,1,0,0.0008782499999999999,3513.0,2,9.25e-05,370.0,1-81dd1f8073-180faa2848
cuad-final-mab-k6-j4-budget50-seed42,behavior,MAB,42,81dd1f8073-180faa2848,MixtureOfAgentsConvert,b55102d3d2,0.00430025,112.4179117679596,cuad,,False,0.0,4,6,112.4136118888855,81dd1f8073,,57,hosted_vllm/Qwen/Qwen2.5-14B-Instruct-AWQ,chain-of-thought-mixture-of-agents-aggregation,one-to-one,,None,None,None,['hosted_vllm/Qwen/Qwen2.5-14B-Instruct-AWQ'],chain-of-thought-mixture-of-agents-proposer,None,[0.4],None,True,180faa2848,3e74ce28ed,,"[""3f40f24ce1""]","[""cuad-92""]",50,1,0,0.003648,14592.0,2,0.00065225,2609.0,1-81dd1f8073-180faa2848
cuad-final-mab-k6-j4-budget50-seed42,behavior,MAB,42,81dd1f8073-180faa2848,MixtureOfAgentsConvert,7425f4aa77,0.00417075,126.77921795845032,cuad,,False,0.0,4,6,126.77473568916321,81dd1f8073,,58,hosted_vllm/Qwen/Qwen2.5-14B-Instruct-AWQ,chain-of-thought-mixture-of-agents-aggregation,one-to-one,,None,None,None,['hosted_vllm/Qwen/Qwen2.5-14B-Instruct-AWQ'],chain-of-thought-mixture-of-agents-proposer,None,[0.4],None,True,180faa2848,3e74ce28ed,,"[""d4cf7bb1c2""]","[""cuad-79""]",50,1,0,0.003401,13604.0,2,0.00076975,3079.0,1-81dd1f8073-180faa2848
cuad-final-mab-k6-j4-budget50-seed42,behavior,MAB,42,81dd1f8073-180faa2848,MixtureOfAgentsConvert,83cbb824ed,0.0032045,57.03356194496155,cuad,,True,0.0,4,6,57.02959156036377,81dd1f8073,,59,hosted_vllm/Qwen/Qwen2.5-14B-Instruct-AWQ,chain-of-thought-mixture-of-agents-aggregation,one-to-one,,None,None,None,['hosted_vllm/Qwen/Qwen2.5-14B-Instruct-AWQ'],chain-of-thought-mixture-of-agents-proposer,None,[0.4],None,True,180faa2848,3e74ce28ed,,"[""3582f268d0""]","[""cuad-31""]",50,1,0,0.002726,10904.0,2,0.0004785,1914.0,1-81dd1f8073-180faa2848
cuad-final-mab-k6-j4-budget50-seed42,behavior,MAB,42,81dd1f8073-180faa2848,MixtureOfAgentsConvert,df91bf672e,0.00361625,33.20321249961853,cuad,,True,0.0,4,6,33.19719481468201,81dd1f8073,,60,hosted_vllm/Qwen/Qwen2.5-14B-Instruct-AWQ,chain-of-thought-mixture-of-agents-aggregation,one-to-one,,None,None,None,['hosted_vllm/Qwen/Qwen2.5-14B-Instruct-AWQ'],chain-of-thought-mixture-of-agents-proposer,None,[0.4],None,True,180faa2848,3e74ce28ed,,"[""97f9bf28eb""]","[""cuad-66""]",50,1,0,0.00333625,13345.0,2,0.00028,1120.0,1-81dd1f8073-180faa2848
cuad-final-mab-k6-j4-budget50-seed42,behavior,MAB,42,81dd1f8073-180faa2848,MixtureOfAgentsConvert,3a33ddaa3a,0.00372525,72.4552538394928,cuad,,False,0.0,4,6,72.45193982124329,81dd1f8073,,61,hosted_vllm/Qwen/Qwen2.5-14B-Instruct-AWQ,chain-of-thought-mixture-of-agents-aggregation,one-to-one,,None,None,None,['hosted_vllm/Qwen/Qwen2.5-14B-Instruct-AWQ'],chain-of-thought-mixture-of-agents-proposer,None,[0.4],None,True,180faa2848,3e74ce28ed,,"[""d18afe33af""]","[""cuad-4""]",50,1,0,0.0031385,12554.0,2,0.00058675,2347.0,1-81dd1f8073-180faa2848
cuad-final-mab-k6-j4-budget50-seed42,behavior,MAB,42,81dd1f8073-180faa2848,MixtureOfAgentsConvert,5beeb7c2ca,0.0024235,35.779364347457886,cuad,,True,0.0,4,6,35.774656772613525,81dd1f8073,,62,hosted_vllm/Qwen/Qwen2.5-14B-Instruct-AWQ,chain-of-thought-mixture-of-agents-aggregation,one-to-one,,None,None,None,['hosted_vllm/Qwen/Qwen2.5-14B-Instruct-AWQ'],chain-of-thought-mixture-of-agents-proposer,None,[0.4],None,True,180faa2848,3e74ce28ed,,"[""87882c5488""]","[""cuad-18""]",50,1,0,0.00217125,8685.0,2,0.00025225,1009.0,1-81dd1f8073-180faa2848
cuad-final-mab-k6-j4-budget50-seed42,behavior,MAB,42,81dd1f8073-180faa2848,MixtureOfAgentsConvert,962b118cf8,0.00375825,63.49632263183594,cuad,,True,0.0,4,6,63.48988723754883,81dd1f8073,,63,hosted_vllm/Qwen/Qwen2.5-14B-Instruct-AWQ,chain-of-thought-mixture-of-agents-aggregation,one-to-one,,None,None,None,['hosted_vllm/Qwen/Qwen2.5-14B-Instruct-AWQ'],chain-of-thought-mixture-of-agents-proposer,None,[0.4],None,True,180faa2848,3e74ce28ed,,"[""aecc568ffa""]","[""cuad-57""]",50,1,0,0.0032867499999999997,13147.0,2,0.00047149999999999997,1886.0,1-81dd1f8073-180faa2848
cuad-final-mab-k6-j4-budget50-seed42,behavior,MAB,42,81dd1f8073-180faa2848,MixtureOfAgentsConvert,2df57d36dc,0.0032055,62.5727698802948,cuad,,False,0.0,4,6,62.56938409805298,81dd1f8073,,64,hosted_vllm/Qwen/Qwen2.5-14B-Instruct-AWQ,chain-of-thought-mixture-of-agents-aggregation,one-to-one,,None,None,None,['hosted_vllm/Qwen/Qwen2.5-14B-Instruct-AWQ'],chain-of-thought-mixture-of-agents-proposer,None,[0.4],None,True,180faa2848,3e74ce28ed,,"[""41d6dedb39""]","[""cuad-81""]",50,1,0,0.0027385,10954.0,2,0.00046699999999999997,1868.0,1-81dd1f8073-180faa2848
cuad-final-mab-k6-j4-budget50-seed42,behavior,MAB,42,81dd1f8073-180faa2848,MixtureOfAgentsConvert,097be4979c,0.0039415,98.03319120407104,cuad,,True,0.0,4,6,98.02909541130066,81dd1f8073,,65,hosted_vllm/Qwen/Qwen2.5-14B-Instruct-AWQ,chain-of-thought-mixture-of-agents-aggregation,one-to-one,,None,None,None,['hosted_vllm/Qwen/Qwen2.5-14B-Instruct-AWQ'],chain-of-thought-mixture-of-agents-proposer,None,[0.4],None,True,180faa2848,3e74ce28ed,,"[""8e93df319e""]","[""cuad-73""]",50,1,0,0.003182,12728.0,2,0.0007595,3038.0,1-81dd1f8073-180faa2848
cuad-final-mab-k6-j4-budget50-seed42,behavior,MAB,42,81dd1f8073-180faa2848,MixtureOfAgentsConvert,2d1d5a00c3,0.0009704999999999999,24.570473432540894,cuad,,False,0.0,4,6,24.566755533218384,81dd1f8073,,66,hosted_vllm/Qwen/Qwen2.5-14B-Instruct-AWQ,chain-of-thought-mixture-of-agents-aggregation,one-to-one,,None,None,None,['hosted_vllm/Qwen/Qwen2.5-14B-Instruct-AWQ'],chain-of-thought-mixture-of-agents-proposer,None,[0.4],None,True,180faa2848,3e74ce28ed,,"[""453b8343b5""]","[""cuad-0""]",50,1,0,0.0008782499999999999,3513.0,2,9.224999999999999e-05,369.0,1-81dd1f8073-180faa2848
cuad-final-mab-k6-j4-budget50-seed42,behavior,MAB,42,81dd1f8073-180faa2848,MixtureOfAgentsConvert,75817d4e26,0.0021725,34.19284224510193,cuad,,True,0.0,4,6,34.1882004737854,81dd1f8073,,67,hosted_vllm/Qwen/Qwen2.5-14B-Instruct-AWQ,chain-of-thought-mixture-of-agents-aggregation,one-to-one,,None,None,None,['hosted_vllm/Qwen/Qwen2.5-14B-Instruct-AWQ'],chain-of-thought-mixture-of-agents-proposer,None,[0.4],None,True,180faa2848,3e74ce28ed,,"[""f300650e24""]","[""cuad-65""]",50,1,0,0.00196275,7851.0,2,0.00020974999999999998,839.0,1-81dd1f8073-180faa2848
cuad-final-mab-k6-j4-budget50-seed42,behavior,MAB,42,81dd1f8073-180faa2848,MixtureOfAgentsConvert,75caf980e8,0.00362975,70.37894368171692,cuad,,True,0.0,4,6,70.37299942970276,81dd1f8073,,68,hosted_vllm/Qwen/Qwen2.5-14B-Instruct-AWQ,chain-of-thought-mixture-of-agents-aggregation,one-to-one,,None,None,None,['hosted_vllm/Qwen/Qwen2.5-14B-Instruct-AWQ'],chain-of-thought-mixture-of-agents-proposer,None,[0.4],None,True,180faa2848,3e74ce28ed,,"[""996d1a52dd""]","[""cuad-19""]",50,1,0,0.0031332499999999998,12533.0,2,0.0004965,1986.0,1-81dd1f8073-180faa2848
cuad-final-mab-k6-j4-budget50-seed42,behavior,MAB,42,81dd1f8073-180faa2848,MixtureOfAgentsConvert,e3d315e348,0.00636075,79.73183345794678,cuad,,False,0.0,4,6,79.72852230072021,81dd1f8073,,69,hosted_vllm/Qwen/Qwen2.5-14B-Instruct-AWQ,chain-of-thought-mixture-of-agents-aggregation,one-to-one,,None,None,None,['hosted_vllm/Qwen/Qwen2.5-14B-Instruct-AWQ'],chain-of-thought-mixture-of-agents-proposer,None,[0.4],None,True,180faa2848,3e74ce28ed,,"[""0da53ba87d""]","[""cuad-53""]",50,1,0,0.00576025,23041.0,2,0.0006004999999999999,2402.0,1-81dd1f8073-180faa2848
cuad-final-mab-k6-j4-budget50-seed42,behavior,MAB,42,81dd1f8073-180faa2848,MixtureOfAgentsConvert,0150a3e191,0.00216975,29.07087469100952,cuad,,False,0.0,4,6,29.06712579727173,81dd1f8073,,70,hosted_vllm/Qwen/Qwen2.5-14B-Instruct-AWQ,chain-of-thought-mixture-of-agents-aggregation,one-to-one,,None,None,None,['hosted_vllm/Qwen/Qwen2.5-14B-Instruct-AWQ'],chain-of-thought-mixture-of-agents-proposer,None,[0.4],None,True,180faa2848,3e74ce28ed,,"[""d71ba4b38d""]","[""cuad-74""]",50,1,0,0.0019169999999999999,7668.0,2,0.00025275,1011.0,1-81dd1f8073-180faa2848
cuad-final-mab-k6-j4-budget50-seed42,behavior,MAB,42,81dd1f8073-180faa2848,MixtureOfAgentsConvert,308bdbaca0,0.00481775,139.92504358291626,cuad,,False,0.0,4,6,139.9156951904297,81dd1f8073,,71,hosted_vllm/Qwen/Qwen2.5-14B-Instruct-AWQ,chain-of-thought-mixture-of-agents-aggregation,one-to-one,,None,None,None,['hosted_vllm/Qwen/Qwen2.5-14B-Instruct-AWQ'],chain-of-thought-mixture-of-agents-proposer,None,[0.4],None,True,180faa2848,3e74ce28ed,,"[""e8e573cdd0""]","[""cuad-45""]",50,1,0,0.0037967499999999998,15187.0,2,0.001021,4084.0,1-81dd1f8073-180faa2848
cuad-final-mab-k6-j4-budget50-seed42,behavior,MAB,42,81dd1f8073-180faa2848,MixtureOfAgentsConvert,344a8fc6fd,0.003288,84.47568249702454,cuad,,False,0.0,4,6,84.47173833847046,81dd1f8073,,72,hosted_vllm/Qwen/Qwen2.5-14B-Instruct-AWQ,chain-of-thought-mixture-of-agents-aggregation,one-to-one,,None,None,None,['hosted_vllm/Qwen/Qwen2.5-14B-Instruct-AWQ'],chain-of-thought-mixture-of-agents-proposer,None,[0.4],None,True,180faa2848,3e74ce28ed,,"[""3839095d99""]","[""cuad-9""]",50,1,0,0.0026615,10646.0,2,0.0006264999999999999,2506.0,1-81dd1f8073-180faa2848
cuad-final-mab-k6-j4-budget50-seed42,behavior,MAB,42,81dd1f8073-180faa2848,MixtureOfAgentsConvert,a609e9bdd4,0.005183500000000001,125.77945685386658,cuad,,False,0.0,4,6,125.77605175971985,81dd1f8073,,73,hosted_vllm/Qwen/Qwen2.5-14B-Instruct-AWQ,chain-of-thought-mixture-of-agents-aggregation,one-to-one,,None,None,None,['hosted_vllm/Qwen/Qwen2.5-14B-Instruct-AWQ'],chain-of-thought-mixture-of-agents-proposer,None,[0.4],None,True,180faa2848,3e74ce28ed,,"[""c773141dd5""]","[""cuad-44""]",50,1,0,0.00418875,16755.0,2,0.00099475,3979.0,1-81dd1f8073-180faa2848
cuad-final-mab-k6-j4-budget50-seed42,behavior,MAB,42,81dd1f8073-180faa2848,MixtureOfAgentsConvert,0c8945e808,0.0009707499999999999,9.922334432601929,cuad,,False,0.0,4,6,9.91874361038208,81dd1f8073,,74,hosted_vllm/Qwen/Qwen2.5-14B-Instruct-AWQ,chain-of-thought-mixture-of-agents-aggregation,one-to-one,,None,None,None,['hosted_vllm/Qwen/Qwen2.5-14B-Instruct-AWQ'],chain-of-thought-mixture-of-agents-proposer,None,[0.4],None,True,180faa2848,3e74ce28ed,,"[""aa535d7914""]","[""cuad-69""]",50,1,0,0.0008782499999999999,3513.0,2,9.25e-05,370.0,1-81dd1f8073-180faa2848
cuad-final-mab-k6-j4-budget50-seed42,behavior,MAB,42,81dd1f8073-180faa2848,MixtureOfAgentsConvert,f0daccfb55,0.00518625,106.07789731025696,cuad,,True,0.0,4,6,106.07124710083008,81dd1f8073,,75,hosted_vllm/Qwen/Qwen2.5-14B-Instruct-AWQ,chain-of-thought-mixture-of-agents-aggregation,one-to-one,,None,None,None,['hosted_vllm/Qwen/Qwen2.5-14B-Instruct-AWQ'],chain-of-thought-mixture-of-agents-proposer,None,[0.4],None,True,180faa2848,3e74ce28ed,,"[""11178bd628""]","[""cuad-63""]",50,1,0,0.00440575,17623.0,2,0.0007805,3122.0,1-81dd1f8073-180faa2848
cuad-final-mab-k6-j4-budget50-seed42,behavior,MAB,42,81dd1f8073-180faa2848,MixtureOfAgentsConvert,861fc44224,0.0040865,90.96265006065369,cuad,,False,0.0,4,6,90.95901131629944,81dd1f8073,,76,hosted_vllm/Qwen/Qwen2.5-14B-Instruct-AWQ,chain-of-thought-mixture-of-agents-aggregation,one-to-one,,None,None,None,['hosted_vllm/Qwen/Qwen2.5-14B-Instruct-AWQ'],chain-of-thought-mixture-of-agents-proposer,None,[0.4],None,True,180faa2848,3e74ce28ed,,"[""4037996d34""]","[""cuad-26""]",50,1,0,0.00335725,13429.0,2,0.00072925,2917.0,1-81dd1f8073-180faa2848
cuad-final-mab-k6-j4-budget50-seed42,behavior,MAB,42,81dd1f8073-180faa2848,MixtureOfAgentsConvert,2f5ae657d0,0.0024867499999999994,37.1636061668396,cuad,,True,0.0,4,6,37.15980577468872,81dd1f8073,,77,hosted_vllm/Qwen/Qwen2.5-14B-Instruct-AWQ,chain-of-thought-mixture-of-agents-aggregation,one-to-one,,None,None,None,['hosted_vllm/Qwen/Qwen2.5-14B-Instruct-AWQ'],chain-of-thought-mixture-of-agents-proposer,None,[0.4],None,True,180faa2848,3e74ce28ed,,"[""c715efd163""]","[""cuad-5""]",50,1,0,0.0021729999999999996,8692.0,2,0.00031375,1255.0,1-81dd1f8073-180faa2848
cuad-final-mab-k6-j4-budget50-seed42,behavior,MAB,42,81dd1f8073-180faa2848,MixtureOfAgentsConvert,4a2fc90386,0.0030865,110.13723158836365,cuad,,False,0.0,4,6,110.13378643989563,81dd1f8073,,78,hosted_vllm/Qwen/Qwen2.5-14B-Instruct-AWQ,chain-of-thought-mixture-of-agents-aggregation,one-to-one,,None,None,None,['hosted_vllm/Qwen/Qwen2.5-14B-Instruct-AWQ'],chain-of-thought-mixture-of-agents-proposer,None,[0.4],None,True,180faa2848,3e74ce28ed,,"[""dc3b30e456""]","[""cuad-13""]",50,1,0,0.002396,9584.0,2,0.0006904999999999999,2762.0,1-81dd1f8073-180faa2848
cuad-final-mab-k6-j4-budget50-seed42,behavior,MAB,42,81dd1f8073-180faa2848,MixtureOfAgentsConvert,c1f96777d0,0.0031184999999999997,104.06470036506653,cuad,,False,0.0,4,6,104.06124496459961,81dd1f8073,,79,hosted_vllm/Qwen/Qwen2.5-14B-Instruct-AWQ,chain-of-thought-mixture-of-agents-aggregation,one-to-one,,None,None,None,['hosted_vllm/Qwen/Qwen2.5-14B-Instruct-AWQ'],chain-of-thought-mixture-of-agents-proposer,None,[0.4],None,True,180faa2848,3e74ce28ed,,"[""eae3597c16""]","[""cuad-17""]",50,1,0,0.0023915,9566.0,2,0.000727,2908.0,1-81dd1f8073-180faa2848
cuad-final-mab-k6-j4-budget50-seed42,behavior,MAB,42,81dd1f8073-180faa2848,MixtureOfAgentsConvert,e3750e9bdf,0.00385,100.72984457015991,cuad,,False,0.0,4,6,100.72532439231873,81dd1f8073,,80,hosted_vllm/Qwen/Qwen2.5-14B-Instruct-AWQ,chain-of-thought-mixture-of-agents-aggregation,one-to-one,,None,None,None,['hosted_vllm/Qwen/Qwen2.5-14B-Instruct-AWQ'],chain-of-thought-mixture-of-agents-proposer,None,[0.4],None,True,180faa2848,3e74ce28ed,,"[""4bacc7e1e8""]","[""cuad-91""]",50,1,0,0.00321625,12865.0,2,0.00063375,2535.0,1-81dd1f8073-180faa2848
cuad-final-mab-k6-j4-budget50-seed42,behavior,MAB,42,81dd1f8073-180faa2848,MixtureOfAgentsConvert,0ba4ffe105,0.006535249999999999,109.49680304527283,cuad,,False,0.0,4,6,109.49235963821411,81dd1f8073,,81,hosted_vllm/Qwen/Qwen2.5-14B-Instruct-AWQ,chain-of-thought-mixture-of-agents-aggregation,one-to-one,,None,None,None,['hosted_vllm/Qwen/Qwen2.5-14B-Instruct-AWQ'],chain-of-thought-mixture-of-agents-proposer,None,[0.4],None,True,180faa2848,3e74ce28ed,,"[""dcd89bbde1""]","[""cuad-61""]",50,1,0,0.005718249999999999,22873.0,2,0.000817,3268.0,1-81dd1f8073-180faa2848
cuad-final-mab-k6-j4-budget50-seed42,behavior,MAB,42,81dd1f8073-180faa2848,MixtureOfAgentsConvert,7c36b26eec,0.0038472499999999995,121.87172079086304,cuad,,False,0.0,4,6,121.86747860908508,81dd1f8073,,82,hosted_vllm/Qwen/Qwen2.5-14B-Instruct-AWQ,chain-of-thought-mixture-of-agents-aggregation,one-to-one,,None,None,None,['hosted_vllm/Qwen/Qwen2.5-14B-Instruct-AWQ'],chain-of-thought-mixture-of-agents-proposer,None,[0.4],None,True,180faa2848,3e74ce28ed,,"[""792b4ad4cd""]","[""cuad-8""]",50,1,0,0.0030382499999999997,12153.0,2,0.0008089999999999999,3236.0,1-81dd1f8073-180faa2848
cuad-final-mab-k6-j4-budget50-seed42,behavior,MAB,42,81dd1f8073-180faa2848,MixtureOfAgentsConvert,a58be30e5d,0.0039854999999999995,103.24834299087524,cuad,,False,0.0,4,6,103.24447464942932,81dd1f8073,,83,hosted_vllm/Qwen/Qwen2.5-14B-Instruct-AWQ,chain-of-thought-mixture-of-agents-aggregation,one-to-one,,None,None,None,['hosted_vllm/Qwen/Qwen2.5-14B-Instruct-AWQ'],chain-of-thought-mixture-of-agents-proposer,None,[0.4],None,True,180faa2848,3e74ce28ed,,"[""bf0c75401f""]","[""cuad-33""]",50,1,0,0.0031485,12594.0,2,0.000837,3348.0,1-81dd1f8073-180faa2848
cuad-final-mab-k6-j4-budget50-seed42,behavior,MAB,42,81dd1f8073-180faa2848,MixtureOfAgentsConvert,1bbae8259e,0.006488,103.75459480285645,cuad,,True,0.0,4,6,103.7498300075531,81dd1f8073,,84,hosted_vllm/Qwen/Qwen2.5-14B-Instruct-AWQ,chain-of-thought-mixture-of-agents-aggregation,one-to-one,,None,None,None,['hosted_vllm/Qwen/Qwen2.5-14B-Instruct-AWQ'],chain-of-thought-mixture-of-agents-proposer,None,[0.4],None,True,180faa2848,3e74ce28ed,,"[""75b3eebc70""]","[""cuad-41""]",50,1,0,0.0058779999999999995,23512.0,2,0.00061,2440.0,1-81dd1f8073-180faa2848
cuad-final-mab-k6-j4-budget50-seed42,behavior,MAB,42,81dd1f8073-180faa2848,MixtureOfAgentsConvert,19d7a7bb10,0.0009707499999999999,12.409785985946655,cuad,,False,0.0,4,6,12.403388261795044,81dd1f8073,,85,hosted_vllm/Qwen/Qwen2.5-14B-Instruct-AWQ,chain-of-thought-mixture-of-agents-aggregation,one-to-one,,None,None,None,['hosted_vllm/Qwen/Qwen2.5-14B-Instruct-AWQ'],chain-of-thought-mixture-of-agents-proposer,None,[0.4],None,True,180faa2848,3e74ce28ed,,"[""e2548aaf4c""]","[""cuad-12""]",50,1,0,0.0008782499999999999,3513.0,2,9.25e-05,370.0,1-81dd1f8073-180faa2848
cuad-final-mab-k6-j4-budget50-seed42,behavior,MAB,42,81dd1f8073-180faa2848,MixtureOfAgentsConvert,ca955936e0,0.0009707499999999999,26.167414665222168,cuad,,False,0.0,4,6,26.162424325942993,81dd1f8073,,86,hosted_vllm/Qwen/Qwen2.5-14B-Instruct-AWQ,chain-of-thought-mixture-of-agents-aggregation,one-to-one,,None,None,None,['hosted_vllm/Qwen/Qwen2.5-14B-Instruct-AWQ'],chain-of-thought-mixture-of-agents-proposer,None,[0.4],None,True,180faa2848,3e74ce28ed,,"[""53fed8f2d5""]","[""cuad-10""]",50,1,0,0.0008782499999999999,3513.0,2,9.25e-05,370.0,1-81dd1f8073-180faa2848
cuad-final-mab-k6-j4-budget50-seed42,behavior,MAB,42,81dd1f8073-180faa2848,MixtureOfAgentsConvert,23b3d48834,0.0009707499999999999,11.374135971069336,cuad,,False,0.0,4,6,11.370322227478027,81dd1f8073,,87,hosted_vllm/Qwen/Qwen2.5-14B-Instruct-AWQ,chain-of-thought-mixture-of-agents-aggregation,one-to-one,,None,None,None,['hosted_vllm/Qwen/Qwen2.5-14B-Instruct-AWQ'],chain-of-thought-mixture-of-agents-proposer,None,[0.4],None,True,180faa2848,3e74ce28ed,,"[""2000f7c692""]","[""cuad-96""]",50,1,0,0.0008782499999999999,3513.0,2,9.25e-05,370.0,1-81dd1f8073-180faa2848
cuad-final-mab-k6-j4-budget50-seed42,behavior,MAB,42,81dd1f8073-180faa2848,MixtureOfAgentsConvert,352c9a31f2,0.004457999999999999,112.02880835533142,cuad,,False,0.0,4,6,112.02516770362854,81dd1f8073,,88,hosted_vllm/Qwen/Qwen2.5-14B-Instruct-AWQ,chain-of-thought-mixture-of-agents-aggregation,one-to-one,,None,None,None,['hosted_vllm/Qwen/Qwen2.5-14B-Instruct-AWQ'],chain-of-thought-mixture-of-agents-proposer,None,[0.4],None,True,180faa2848,3e74ce28ed,,"[""83f896703b""]","[""cuad-51""]",50,1,0,0.003731,14924.0,2,0.0007269999999999999,2908.0,1-81dd1f8073-180faa2848
cuad-final-mab-k6-j4-budget50-seed42,behavior,MAB,42,81dd1f8073-180faa2848,MixtureOfAgentsConvert,af2e297848,0.0039022499999999995,122.289959192276,cuad,,False,0.0,4,6,122.28506851196289,81dd1f8073,,89,hosted_vllm/Qwen/Qwen2.5-14B-Instruct-AWQ,chain-of-thought-mixture-of-agents-aggregation,one-to-one,,None,None,None,['hosted_vllm/Qwen/Qwen2.5-14B-Instruct-AWQ'],chain-of-thought-mixture-of-agents-proposer,None,[0.4],None,True,180faa2848,3e74ce28ed,,"[""df02edca7a""]","[""cuad-14""]",50,1,0,0.00321625,12865.0,2,0.000686,2744.0,1-81dd1f8073-180faa2848
cuad-final-mab-k6-j4-budget50-seed42,behavior,MAB,42,81dd1f8073-180faa2848,MixtureOfAgentsConvert,293466642b,0.00400875,109.2475311756134,cuad,,False,0.0,4,6,109.2430350780487,81dd1f8073,,90,hosted_vllm/Qwen/Qwen2.5-14B-Instruct-AWQ,chain-of-thought-mixture-of-agents-aggregation,one-to-one,,None,None,None,['hosted_vllm/Qwen/Qwen2.5-14B-Instruct-AWQ'],chain-of-thought-mixture-of-agents-proposer,None,[0.4],None,True,180faa2848,3e74ce28ed,,"[""373987e09b""]","[""cuad-20""]",50,1,0,0.00331375,13255.0,2,0.000695,2780.0,1-81dd1f8073-180faa2848
cuad-final-mab-k6-j4-budget50-seed42,behavior,MAB,42,81dd1f8073-180faa2848,MixtureOfAgentsConvert,b7daaf1735,0.0053625,137.13646030426025,cuad,,False,0.0,4,6,137.1329755783081,81dd1f8073,,91,hosted_vllm/Qwen/Qwen2.5-14B-Instruct-AWQ,chain-of-thought-mixture-of-agents-aggregation,one-to-one,,None,None,None,['hosted_vllm/Qwen/Qwen2.5-14B-Instruct-AWQ'],chain-of-thought-mixture-of-agents-proposer,None,[0.4],None,True,180faa2848,3e74ce28ed,,"[""65d57c4355""]","[""cuad-34""]",50,1,0,0.00456275,18251.0,2,0.00079975,3199.0,1-81dd1f8073-180faa2848
cuad-final-mab-k6-j4-budget50-seed42,behavior,MAB,42,81dd1f8073-180faa2848,MixtureOfAgentsConvert,6c4838e87b,0.0033332499999999994,124.62897634506226,cuad,,False,0.0,4,6,124.62517857551575,81dd1f8073,,92,hosted_vllm/Qwen/Qwen2.5-14B-Instruct-AWQ,chain-of-thought-mixture-of-agents-aggregation,one-to-one,,None,None,None,['hosted_vllm/Qwen/Qwen2.5-14B-Instruct-AWQ'],chain-of-thought-mixture-of-agents-proposer,None,[0.4],None,True,180faa2848,3e74ce28ed,,"[""6eec3381d3""]","[""cuad-89""]",50,1,0,0.0026229999999999995,10492.0,2,0.00071025,2841.0,1-81dd1f8073-180faa2848
cuad-final-mab-k6-j4-budget50-seed42,behavior,MAB,42,81dd1f8073-180faa2848,MixtureOfAgentsConvert,0a7d39cc80,0.006479749999999999,97.70071339607239,cuad,,True,0.0,4,6,97.69554924964905,81dd1f8073,,93,hosted_vllm/Qwen/Qwen2.5-14B-Instruct-AWQ,chain-of-thought-mixture-of-agents-aggregation,one-to-one,,None,None,None,['hosted_vllm/Qwen/Qwen2.5-14B-Instruct-AWQ'],chain-of-thought-mixture-of-agents-proposer,None,[0.4],None,True,180faa2848,3e74ce28ed,,"[""dd7ab79213""]","[""cuad-47""]",50,1,0,0.005877749999999999,23511.0,2,0.000602,2408.0,1-81dd1f8073-180faa2848
cuad-final-mab-k6-j4-budget50-seed42,behavior,MAB,42,81dd1f8073-180faa2848,MixtureOfAgentsConvert,3dae2d97e2,0.005914249999999999,147.68496465682983,cuad,,False,0.0,4,6,147.67991638183594,81dd1f8073,,94,hosted_vllm/Qwen/Qwen2.5-14B-Instruct-AWQ,chain-of-thought-mixture-of-agents-aggregation,one-to-one,,None,None,None,['hosted_vllm/Qwen/Qwen2.5-14B-Instruct-AWQ'],chain-of-thought-mixture-of-agents-proposer,None,[0.4],None,True,180faa2848,3e74ce28ed,,"[""468cbef32c""]","[""cuad-40""]",50,1,0,0.00469575,18783.0,2,0.0012185,4874.0,1-81dd1f8073-180faa2848
cuad-final-mab-k6-j4-budget50-seed42,behavior,MAB,42,81dd1f8073-180faa2848,MixtureOfAgentsConvert,76565b2385,0.00413325,69.2203357219696,cuad,,False,0.0,4,6,69.21641302108765,81dd1f8073,,95,hosted_vllm/Qwen/Qwen2.5-14B-Instruct-AWQ,chain-of-thought-mixture-of-agents-aggregation,one-to-one,,None,None,None,['hosted_vllm/Qwen/Qwen2.5-14B-Instruct-AWQ'],chain-of-thought-mixture-of-agents-proposer,None,[0.4],None,True,180faa2848,3e74ce28ed,,"[""28f8365d31""]","[""cuad-52""]",50,1,0,0.0035735,14294.0,2,0.0005597499999999999,2239.0,1-81dd1f8073-180faa2848
cuad-final-mab-k6-j4-budget50-seed42,behavior,MAB,42,81dd1f8073-180faa2848,MixtureOfAgentsConvert,dc818f1810,0.0040505,118.04074168205261,cuad,,True,0.0,4,6,118.03650283813477,81dd1f8073,,96,hosted_vllm/Qwen/Qwen2.5-14B-Instruct-AWQ,chain-of-thought-mixture-of-agents-aggregation,one-to-one,,None,None,None,['hosted_vllm/Qwen/Qwen2.5-14B-Instruct-AWQ'],chain-of-thought-mixture-of-agents-proposer,None,[0.4],None,True,180faa2848,3e74ce28ed,,"[""c4d5b33e4e""]","[""cuad-70""]",50,1,0,0.00326125,13045.0,2,0.0007892499999999999,3157.0,1-81dd1f8073-180faa2848
cuad-final-mab-k6-j4-budget50-seed42,behavior,MAB,42,81dd1f8073-180faa2848,MixtureOfAgentsConvert,140bae1c13,0.00321525,97.70049571990967,cuad,,False,0.0,4,6,97.69685101509094,81dd1f8073,,97,hosted_vllm/Qwen/Qwen2.5-14B-Instruct-AWQ,chain-of-thought-mixture-of-agents-aggregation,one-to-one,,None,None,None,['hosted_vllm/Qwen/Qwen2.5-14B-Instruct-AWQ'],chain-of-thought-mixture-of-agents-proposer,None,[0.4],None,True,180faa2848,3e74ce28ed,,"[""d4b2ea52f9""]","[""cuad-87""]",50,1,0,0.0024935,9974.0,2,0.00072175,2887.0,1-81dd1f8073-180faa2848
cuad-final-mab-k6-j4-budget50-seed42,behavior,MAB,42,81dd1f8073-180faa2848,MixtureOfAgentsConvert,2938662500,0.0046245,103.14945793151855,cuad,,False,0.0,4,6,103.1459128856659,81dd1f8073,,98,hosted_vllm/Qwen/Qwen2.5-14B-Instruct-AWQ,chain-of-thought-mixture-of-agents-aggregation,one-to-one,,None,None,None,['hosted_vllm/Qwen/Qwen2.5-14B-Instruct-AWQ'],chain-of-thought-mixture-of-agents-proposer,None,[0.4],None,True,180faa2848,3e74ce28ed,,"[""4e150ad250""]","[""cuad-6""]",50,1,0,0.00388325,15533.0,2,0.0007412499999999999,2965.0,1-81dd1f8073-180faa2848
cuad-final-mab-k6-j4-budget50-seed42,behavior,MAB,42,81dd1f8073-180faa2848,MixtureOfAgentsConvert,3af08c075f,0.004545250000000001,364.8060178756714,cuad,,False,0.0,4,6,364.80256724357605,81dd1f8073,,99,hosted_vllm/Qwen/Qwen2.5-14B-Instruct-AWQ,chain-of-thought-mixture-of-agents-aggregation,one-to-one,,None,None,None,['hosted_vllm/Qwen/Qwen2.5-14B-Instruct-AWQ'],chain-of-thought-mixture-of-agents-proposer,None,[0.4],None,True,180faa2848,3e74ce28ed,,"[""b36f535c6b""]","[""cuad-38""]",50,1,0,0.0038215000000000002,15286.0,2,0.00072375,2895.0,1-81dd1f8073-180faa2848
