run_id,campaign,sentinel_strategy,seed,iteration,full_op_id,op_name,record_id,quality,cost_per_record,time_per_record,passed_operator,benchmark,error_type,failed_convert,fn_call_duration_secs,j,k,llm_call_duration_secs,logical_op_id,model_name,obs_index,param_aggregator_model,param_aggregator_prompt_strategy,param_cardinality,param_critic_model,param_datasource_id,param_desc,param_model,param_prompt_strategy,param_proposer_models,param_proposer_prompt_strategy,param_reasoning_effort,param_refine_model,param_temperatures,param_udf,physical_op_id,plan_id,record_parent_ids,record_source_indices,sample_budget,schema_version,sentinel_plan_id,total_embedding_llm_calls,total_input_cost,total_input_tokens,total_llm_calls,total_output_cost,total_output_tokens,unique_logical_op_id
cuad-final-mab-k6-j4-budget50-seed42,behavior,MAB,42,,022b755afd-f987dae6bd,MarshalAndScanDataOp,996d1a52dd,1.0,0.0,3.337860107421875e-06,True,cuad,,,0.0,4,6,0.0,022b755afd,,0,,,,,cuad,,,,,,,,,,f987dae6bd,a5cbf86a11,,"[""cuad-19""]",50,1,a5cbf86a11,0,0.0,0.0,0,0.0,0.0,0-022b755afd
cuad-final-mab-k6-j4-budget50-seed42,behavior,MAB,42,,022b755afd-f987dae6bd,MarshalAndScanDataOp,373987e09b,1.0,0.0,2.1457672119140625e-06,True,cuad,,,0.0,4,6,0.0,022b755afd,,1,,,,,cuad,,,,,,,,,,f987dae6bd,a5cbf86a11,,"[""cuad-20""]",50,1,a5cbf86a11,0,0.0,0.0,0,0.0,0.0,0-022b755afd
cuad-final-mab-k6-j4-budget50-seed42,behavior,MAB,42,,022b755afd-f987dae6bd,MarshalAndScanDataOp,4740f75a9f,1.0,0.0,7.152557373046875e-07,True,cuad,,,0.0,4,6,0.0,022b755afd,,2,,,,,cuad,,,,,,,,,,f987dae6bd,a5cbf86a11,,"[""cuad-16""]",50,1,a5cbf86a11,0,0.0,0.0,0,0.0,0.0,0-022b755afd
cuad-final-mab-k6-j4-budget50-seed42,behavior,MAB,42,,022b755afd-f987dae6bd,MarshalAndScanDataOp,30dd551a16,1.0,0.0,1.1920928955078125e-06,True,cuad,,,0.0,4,6,0.0,022b755afd,,3,,,,,cuad,,,,,,,,,,f987dae6bd,a5cbf86a11,,"[""cuad-15""]",50,1,a5cbf86a11,0,0.0,0.0,0,0.0,0.0,0-022b755afd
cuad-final-mab-k6-j4-budget50-seed42,behavior,MAB,42,,022b755afd-f987dae6bd,MarshalAndScanDataOp,3839095d99,1.0,0.0,2.6226043701171875e-06,True,cuad,,,0.0,4,6,0.0,022b755afd,,4,,,,,cuad,,,,,,,,,,f987dae6bd,a5cbf86a11,,"[""cuad-9""]",50,1,a5cbf86a11,0,0.0,0.0,0,0.0,0.0,0-022b755afd
cuad-final-mab-k6-j4-budget50-seed42,behavior,MAB,42,,022b755afd-f987dae6bd,MarshalAndScanDataOp,20898b20c7,1.0,0.0,2.1457672119140625e-06,True,cuad,,,0.0,4,6,0.0,022b755afd,,5,,,,,cuad,,,,,,,,,,f987dae6bd,a5cbf86a11,,"[""cuad-7""]",50,1,a5cbf86a11,0,0.0,0.0,0,0.0,0.0,0-022b755afd
cuad-final-mab-k6-j4-budget50-seed42,behavior,MAB,42,,022b755afd-f987dae6bd,MarshalAndScanDataOp,eae3597c16,1.0,0.0,2.384185791015625e-06,True,cuad,,,0.0,4,6,0.0,022b755afd,,6,,,,,cuad,,,,,,,,,,f987dae6bd,a5cbf86a11,,"[""cuad-17""]",50,1,a5cbf86a11,0,0.0,0.0,0,0.0,0.0,0-022b755afd
cuad-final-mab-k6-j4-budget50-seed42,behavior,MAB,42,,022b755afd-f987dae6bd,MarshalAndScanDataOp,0d88534bd5,1.0,0.0,1.6689300537109375e-06,True,cuad,,,0.0,4,6,0.0,022b755afd,,7,,,,,cuad,,,,,,,,,,f987dae6bd,a5cbf86a11,,"[""cuad-24""]",50,1,a5cbf86a11,0,0.0,0.0,0,0.0,0.0,0-022b755afd
cuad-final-mab-k6-j4-budget50-seed42,behavior,MAB,42,,022b755afd-f987dae6bd,MarshalAndScanDataOp,4e150ad250,1.0,0.0,1.9073486328125e-06,True,cuad,,,0.0,4,6,0.0,022b755afd,,8,,,,,cuad,,,,,,,,,,f987dae6bd,a5cbf86a11,,"[""cuad-6""]",50,1,a5cbf86a11,0,0.0,0.0,0,0.0,0.0,0-022b755afd
cuad-final-mab-k6-j4-budget50-seed42,behavior,MAB,42,,81dd1f8073-180faa2848,MixtureOfAgentsConvert,6d3ee336ba,,0.0009707499999999999,14.315680503845215,True,cuad,,False,0.0,4,6,14.310321569442749,81dd1f8073,,0,hosted_vllm/Qwen/Qwen2.5-14B-Instruct-AWQ,chain-of-thought-mixture-of-agents-aggregation,one-to-one,,,None,None,None,['hosted_vllm/Qwen/Qwen2.5-14B-Instruct-AWQ'],chain-of-thought-mixture-of-agents-proposer,None,,[0.4],None,180faa2848,a5cbf86a11,"[""30dd551a16""]","[""cuad-15""]",50,1,a5cbf86a11,0,0.0008782499999999999,3513.0,2,9.25e-05,370.0,1-81dd1f8073
cuad-final-mab-k6-j4-budget50-seed42,behavior,MAB,42,,81dd1f8073-180faa2848,MixtureOfAgentsConvert,fbcd8786b3,,0.00327475,83.27824449539185,True,cuad,,False,0.0,4,6,83.2733108997345,81dd1f8073,,1,hosted_vllm/Qwen/Qwen2.5-14B-Instruct-AWQ,chain-of-thought-mixture-of-agents-aggregation,one-to-one,,,None,None,None,['hosted_vllm/Qwen/Qwen2.5-14B-Instruct-AWQ'],chain-of-thought-mixture-of-agents-proposer,None,,[0.4],None,180faa2848,a5cbf86a11,"[""4740f75a9f""]","[""cuad-16""]",50,1,a5cbf86a11,0,0.0026315,10526.0,2,0.0006432499999999999,2573.0,1-81dd1f8073
cuad-final-mab-k6-j4-budget50-seed42,behavior,MAB,42,,81dd1f8073-180faa2848,MixtureOfAgentsConvert,75caf980e8,,0.00575575,107.37766742706299,True,cuad,,True,0.0,4,6,107.3716368675232,81dd1f8073,,2,hosted_vllm/Qwen/Qwen2.5-14B-Instruct-AWQ,chain-of-thought-mixture-of-agents-aggregation,one-to-one,,,None,None,None,['hosted_vllm/Qwen/Qwen2.5-14B-Instruct-AWQ'],chain-of-thought-mixture-of-agents-proposer,None,,[0.4],None,180faa2848,a5cbf86a11,"[""996d1a52dd""]","[""cuad-19""]",50,1,a5cbf86a11,0,0.0049215,19686.0,2,0.0008342499999999999,3337.0,1-81dd1f8073
cuad-final-mab-k6-j4-budget50-seed42,behavior,MAB,42,,81dd1f8073-180faa2848,MixtureOfAgentsConvert,293466642b,,0.004147,124.9424991607666,True,cuad,,False,0.0,4,6,124.93833088874817,81dd1f8073,,3,hosted_vllm/Qwen/Qwen2.5-14B-Instruct-AWQ,chain-of-thought-mixture-of-agents-aggregation,one-to-one,,,None,None,None,['hosted_vllm/Qwen/Qwen2.5-14B-Instruct-AWQ'],chain-of-thought-mixture-of-agents-proposer,None,,[0.4],None,180faa2848,a5cbf86a11,"[""373987e09b""]","[""cuad-20""]",50,1,a5cbf86a11,0,0.00318825,12753.0,2,0.00095875,3835.0,1-81dd1f8073
cuad-final-mab-k6-j4-budget50-seed42,behavior,MAB,42,,81dd1f8073-180faa2848,MixtureOfAgentsConvert,344a8fc6fd,,0.0009707499999999999,6.0238356590271,True,cuad,,False,0.0,4,6,6.0190722942352295,81dd1f8073,,4,hosted_vllm/Qwen/Qwen2.5-14B-Instruct-AWQ,chain-of-thought-mixture-of-agents-aggregation,one-to-one,,,None,None,None,['hosted_vllm/Qwen/Qwen2.5-14B-Instruct-AWQ'],chain-of-thought-mixture-of-agents-proposer,None,,[0.4],None,180faa2848,a5cbf86a11,"[""3839095d99""]","[""cuad-9""]",50,1,a5cbf86a11,0,0.0008782499999999999,3513.0,2,9.25e-05,370.0,1-81dd1f8073
cuad-final-mab-k6-j4-budget50-seed42,behavior,MAB,42,,81dd1f8073-180faa2848,MixtureOfAgentsConvert,acc210cbcc,,0.0043985,53.10684609413147,True,cuad,,False,0.0,4,6,53.09730529785156,81dd1f8073,,5,hosted_vllm/Qwen/Qwen2.5-14B-Instruct-AWQ,chain-of-thought-mixture-of-agents-aggregation,one-to-one,,,None,None,None,['hosted_vllm/Qwen/Qwen2.5-14B-Instruct-AWQ'],chain-of-thought-mixture-of-agents-proposer,None,,[0.4],None,180faa2848,a5cbf86a11,"[""20898b20c7""]","[""cuad-7""]",50,1,a5cbf86a11,0,0.0037762499999999997,15105.0,2,0.00062225,2489.0,1-81dd1f8073
cuad-final-mab-k6-j4-budget50-seed42,behavior,MAB,42,,81dd1f8073-180faa2848,MixtureOfAgentsConvert,c1f96777d0,,0.0009707499999999999,6.054846525192261,True,cuad,,False,0.0,4,6,6.049097299575806,81dd1f8073,,6,hosted_vllm/Qwen/Qwen2.5-14B-Instruct-AWQ,chain-of-thought-mixture-of-agents-aggregation,one-to-one,,,None,None,None,['hosted_vllm/Qwen/Qwen2.5-14B-Instruct-AWQ'],chain-of-thought-mixture-of-agents-proposer,None,,[0.4],None,180faa2848,a5cbf86a11,"[""eae3597c16""]","[""cuad-17""]",50,1,a5cbf86a11,0,0.0008782499999999999,3513.0,2,9.25e-05,370.0,1-81dd1f8073
cuad-final-mab-k6-j4-budget50-seed42,behavior,MAB,42,,81dd1f8073-180faa2848,MixtureOfAgentsConvert,c6214c30f4,,0.0036219999999999994,45.53852391242981,True,cuad,,False,0.0,4,6,45.53494477272034,81dd1f8073,,7,hosted_vllm/Qwen/Qwen2.5-14B-Instruct-AWQ,chain-of-thought-mixture-of-agents-aggregation,one-to-one,,,None,None,None,['hosted_vllm/Qwen/Qwen2.5-14B-Instruct-AWQ'],chain-of-thought-mixture-of-agents-proposer,None,,[0.4],None,180faa2848,a5cbf86a11,"[""0d88534bd5""]","[""cuad-24""]",50,1,a5cbf86a11,0,0.003104,12416.0,2,0.000518,2072.0,1-81dd1f8073
cuad-final-mab-k6-j4-budget50-seed42,behavior,MAB,42,,81dd1f8073-180faa2848,MixtureOfAgentsConvert,2938662500,,0.0009707499999999999,6.1499903202056885,True,cuad,,False,0.0,4,6,6.143766403198242,81dd1f8073,,8,hosted_vllm/Qwen/Qwen2.5-14B-Instruct-AWQ,chain-of-thought-mixture-of-agents-aggregation,one-to-one,,,None,None,None,['hosted_vllm/Qwen/Qwen2.5-14B-Instruct-AWQ'],chain-of-thought-mixture-of-agents-proposer,None,,[0.4],None,180faa2848,a5cbf86a11,"[""4e150ad250""]","[""cuad-6""]",50,1,a5cbf86a11,0,0.0008782499999999999,3513.0,2,9.25e-05,370.0,1-81dd1f8073
cuad-final-mab-k6-j4-budget50-seed42,behavior,MAB,42,,81dd1f8073-4040af430f,CriticAndRefineConvert,6d3ee336ba,,0.0056042,42.99849057197571,True,cuad,,False,0.0,4,6,42.99076819419861,81dd1f8073,hosted_vllm/meta-llama/Llama-3.1-8B-Instruct,0,,,one-to-one,hosted_vllm/Qwen/Qwen2.5-14B-Instruct-AWQ,,None,hosted_vllm/meta-llama/Llama-3.1-8B-Instruct,chain-of-thought-question,,,None,hosted_vllm/Qwen/Qwen2.5-14B-Instruct-AWQ,,None,4040af430f,a5cbf86a11,"[""30dd551a16""]","[""cuad-15""]",50,1,a5cbf86a11,0,0.0053174,27976.0,3,0.0002868,1436.0,1-81dd1f8073
cuad-final-mab-k6-j4-budget50-seed42,behavior,MAB,42,,81dd1f8073-4040af430f,CriticAndRefineConvert,fbcd8786b3,,0.0047947,81.74361824989319,True,cuad,,True,0.0,4,6,81.73741412162781,81dd1f8073,hosted_vllm/meta-llama/Llama-3.1-8B-Instruct,1,,,one-to-one,hosted_vllm/Qwen/Qwen2.5-14B-Instruct-AWQ,,None,hosted_vllm/meta-llama/Llama-3.1-8B-Instruct,chain-of-thought-question,,,None,hosted_vllm/Qwen/Qwen2.5-14B-Instruct-AWQ,,None,4040af430f,a5cbf86a11,"[""4740f75a9f""]","[""cuad-16""]",50,1,a5cbf86a11,0,0.0042346499999999995,21513.0,3,0.00056005,2761.0,1-81dd1f8073
cuad-final-mab-k6-j4-budget50-seed42,behavior,MAB,42,,81dd1f8073-4040af430f,CriticAndRefineConvert,75caf980e8,,0.006812499999999999,97.37691187858582,True,cuad,,False,0.0,4,6,97.3706545829773,81dd1f8073,hosted_vllm/meta-llama/Llama-3.1-8B-Instruct,2,,,one-to-one,hosted_vllm/Qwen/Qwen2.5-14B-Instruct-AWQ,,None,hosted_vllm/meta-llama/Llama-3.1-8B-Instruct,chain-of-thought-question,,,None,hosted_vllm/Qwen/Qwen2.5-14B-Instruct-AWQ,,None,4040af430f,a5cbf86a11,"[""996d1a52dd""]","[""cuad-19""]",50,1,a5cbf86a11,0,0.00632165,31917.0,3,0.0004908499999999999,3749.0,1-81dd1f8073
cuad-final-mab-k6-j4-budget50-seed42,behavior,MAB,42,,81dd1f8073-4040af430f,CriticAndRefineConvert,293466642b,,0.0045108,44.250377893447876,True,cuad,,False,0.0,4,6,44.24398636817932,81dd1f8073,hosted_vllm/meta-llama/Llama-3.1-8B-Instruct,3,,,one-to-one,hosted_vllm/Qwen/Qwen2.5-14B-Instruct-AWQ,,None,hosted_vllm/meta-llama/Llama-3.1-8B-Instruct,chain-of-thought-question,,,None,hosted_vllm/Qwen/Qwen2.5-14B-Instruct-AWQ,,None,4040af430f,a5cbf86a11,"[""373987e09b""]","[""cuad-20""]",50,1,a5cbf86a11,0,0.0042124,22056.0,3,0.0002984,1492.0,1-81dd1f8073
cuad-final-mab-k6-j4-budget50-seed42,behavior,MAB,42,,81dd1f8073-4040af430f,CriticAndRefineConvert,344a8fc6fd,,0.0073341,86.59610795974731,True,cuad,,False,0.0,4,6,86.58697748184204,81dd1f8073,hosted_vllm/meta-llama/Llama-3.1-8B-Instruct,4,,,one-to-one,hosted_vllm/Qwen/Qwen2.5-14B-Instruct-AWQ,,None,hosted_vllm/meta-llama/Llama-3.1-8B-Instruct,chain-of-thought-question,,,None,hosted_vllm/Qwen/Qwen2.5-14B-Instruct-AWQ,,None,4040af430f,a5cbf86a11,"[""3839095d99""]","[""cuad-9""]",50,1,a5cbf86a11,0,0.0068489,34438.0,3,0.0004852,4260.0,1-81dd1f8073
cuad-final-mab-k6-j4-budget50-seed42,behavior,MAB,42,,81dd1f8073-4040af430f,CriticAndRefineConvert,acc210cbcc,,0.008820449999999999,167.94236207008362,True,cuad,,True,0.0,4,6,167.93434619903564,81dd1f8073,hosted_vllm/meta-llama/Llama-3.1-8B-Instruct,5,,,one-to-one,hosted_vllm/Qwen/Qwen2.5-14B-Instruct-AWQ,,None,hosted_vllm/meta-llama/Llama-3.1-8B-Instruct,chain-of-thought-question,,,None,hosted_vllm/Qwen/Qwen2.5-14B-Instruct-AWQ,,None,4040af430f,a5cbf86a11,"[""20898b20c7""]","[""cuad-7""]",50,1,a5cbf86a11,0,0.0079802,39168.0,3,0.00084025,7021.0,1-81dd1f8073
cuad-final-mab-k6-j4-budget50-seed42,behavior,MAB,42,,81dd1f8073-4040af430f,CriticAndRefineConvert,c1f96777d0,,0.007298799999999999,78.32244944572449,True,cuad,,False,0.0,4,6,78.31356048583984,81dd1f8073,hosted_vllm/meta-llama/Llama-3.1-8B-Instruct,6,,,one-to-one,hosted_vllm/Qwen/Qwen2.5-14B-Instruct-AWQ,,None,hosted_vllm/meta-llama/Llama-3.1-8B-Instruct,chain-of-thought-question,,,None,hosted_vllm/Qwen/Qwen2.5-14B-Instruct-AWQ,,None,4040af430f,a5cbf86a11,"[""eae3597c16""]","[""cuad-17""]",50,1,a5cbf86a11,0,0.006812049999999999,34377.0,3,0.00048675,3903.0,1-81dd1f8073
cuad-final-mab-k6-j4-budget50-seed42,behavior,MAB,42,,81dd1f8073-4040af430f,CriticAndRefineConvert,c6214c30f4,,0.0067087,109.6921398639679,True,cuad,,True,0.0,4,6,109.67769122123718,81dd1f8073,hosted_vllm/meta-llama/Llama-3.1-8B-Instruct,7,,,one-to-one,hosted_vllm/Qwen/Qwen2.5-14B-Instruct-AWQ,,None,hosted_vllm/meta-llama/Llama-3.1-8B-Instruct,chain-of-thought-question,,,None,hosted_vllm/Qwen/Qwen2.5-14B-Instruct-AWQ,,None,4040af430f,a5cbf86a11,"[""0d88534bd5""]","[""cuad-24""]",50,1,a5cbf86a11,0,0.0059637,29818.0,3,0.000745,5156.0,1-81dd1f8073
cuad-final-mab-k6-j4-budget50-seed42,behavior,MAB,42,,81dd1f8073-4040af430f,CriticAndRefineConvert,2938662500,,0.008317749999999999,87.09117722511292,True,cuad,,False,0.0,4,6,87.07574796676636,81dd1f8073,hosted_vllm/meta-llama/Llama-3.1-8B-Instruct,8,,,one-to-one,hosted_vllm/Qwen/Qwen2.5-14B-Instruct-AWQ,,None,hosted_vllm/meta-llama/Llama-3.1-8B-Instruct,chain-of-thought-question,,,None,hosted_vllm/Qwen/Qwen2.5-14B-Instruct-AWQ,,None,4040af430f,a5cbf86a11,"[""4e150ad250""]","[""cuad-6""]",50,1,a5cbf86a11,0,0.0076933,38098.0,3,0.0006244499999999999,4389.0,1-81dd1f8073
cuad-final-mab-k6-j4-budget50-seed42,behavior,MAB,42,,81dd1f8073-54fa573e30,MixtureOfAgentsConvert,6d3ee336ba,,0.0009707499999999999,9.610024213790894,True,cuad,,False,0.0,4,6,9.60525369644165,81dd1f8073,,0,hosted_vllm/Qwen/Qwen2.5-14B-Instruct-AWQ,chain-of-thought-mixture-of-agents-aggregation,one-to-one,,,None,None,None,['hosted_vllm/Qwen/Qwen2.5-14B-Instruct-AWQ'],chain-of-thought-mixture-of-agents-proposer,None,,[0.0],None,54fa573e30,a5cbf86a11,"[""30dd551a16""]","[""cuad-15""]",50,1,a5cbf86a11,0,0.0008782499999999999,3513.0,2,9.25e-05,370.0,1-81dd1f8073
cuad-final-mab-k6-j4-budget50-seed42,behavior,MAB,42,,81dd1f8073-54fa573e30,MixtureOfAgentsConvert,fbcd8786b3,,0.0029274999999999995,53.683531761169434,True,cuad,,True,0.0,4,6,53.67956876754761,81dd1f8073,,1,hosted_vllm/Qwen/Qwen2.5-14B-Instruct-AWQ,chain-of-thought-mixture-of-agents-aggregation,one-to-one,,,None,None,None,['hosted_vllm/Qwen/Qwen2.5-14B-Instruct-AWQ'],chain-of-thought-mixture-of-agents-proposer,None,,[0.0],None,54fa573e30,a5cbf86a11,"[""4740f75a9f""]","[""cuad-16""]",50,1,a5cbf86a11,0,0.00251,10040.0,2,0.0004175,1670.0,1-81dd1f8073
cuad-final-mab-k6-j4-budget50-seed42,behavior,MAB,42,,81dd1f8073-54fa573e30,MixtureOfAgentsConvert,75caf980e8,,0.007080499999999999,166.62259817123413,True,cuad,,True,0.0,4,6,166.61885285377502,81dd1f8073,,2,hosted_vllm/Qwen/Qwen2.5-14B-Instruct-AWQ,chain-of-thought-mixture-of-agents-aggregation,one-to-one,,,None,None,None,['hosted_vllm/Qwen/Qwen2.5-14B-Instruct-AWQ'],chain-of-thought-mixture-of-agents-proposer,None,,[0.0],None,54fa573e30,a5cbf86a11,"[""996d1a52dd""]","[""cuad-19""]",50,1,a5cbf86a11,0,0.005565499999999999,22262.0,2,0.0015149999999999999,6060.0,1-81dd1f8073
cuad-final-mab-k6-j4-budget50-seed42,behavior,MAB,42,,81dd1f8073-54fa573e30,MixtureOfAgentsConvert,293466642b,,0.00300675,56.6142783164978,True,cuad,,True,0.0,4,6,56.610389947891235,81dd1f8073,,3,hosted_vllm/Qwen/Qwen2.5-14B-Instruct-AWQ,chain-of-thought-mixture-of-agents-aggregation,one-to-one,,,None,None,None,['hosted_vllm/Qwen/Qwen2.5-14B-Instruct-AWQ'],chain-of-thought-mixture-of-agents-proposer,None,,[0.0],None,54fa573e30,a5cbf86a11,"[""373987e09b""]","[""cuad-20""]",50,1,a5cbf86a11,0,0.00264,10560.0,2,0.00036675,1467.0,1-81dd1f8073
cuad-final-mab-k6-j4-budget50-seed42,behavior,MAB,42,,81dd1f8073-54fa573e30,MixtureOfAgentsConvert,344a8fc6fd,,0.0009707499999999999,6.015947580337524,True,cuad,,False,0.0,4,6,6.012588739395142,81dd1f8073,,4,hosted_vllm/Qwen/Qwen2.5-14B-Instruct-AWQ,chain-of-thought-mixture-of-agents-aggregation,one-to-one,,,None,None,None,['hosted_vllm/Qwen/Qwen2.5-14B-Instruct-AWQ'],chain-of-thought-mixture-of-agents-proposer,None,,[0.0],None,54fa573e30,a5cbf86a11,"[""3839095d99""]","[""cuad-9""]",50,1,a5cbf86a11,0,0.0008782499999999999,3513.0,2,9.25e-05,370.0,1-81dd1f8073
cuad-final-mab-k6-j4-budget50-seed42,behavior,MAB,42,,81dd1f8073-54fa573e30,MixtureOfAgentsConvert,acc210cbcc,,0.0038965,31.51633930206299,True,cuad,,False,0.0,4,6,31.5118727684021,81dd1f8073,,5,hosted_vllm/Qwen/Qwen2.5-14B-Instruct-AWQ,chain-of-thought-mixture-of-agents-aggregation,one-to-one,,,None,None,None,['hosted_vllm/Qwen/Qwen2.5-14B-Instruct-AWQ'],chain-of-thought-mixture-of-agents-proposer,None,,[0.0],None,54fa573e30,a5cbf86a11,"[""20898b20c7""]","[""cuad-7""]",50,1,a5cbf86a11,0,0.0035282499999999997,14113.0,2,0.00036825,1473.0,1-81dd1f8073
cuad-final-mab-k6-j4-budget50-seed42,behavior,MAB,42,,81dd1f8073-54fa573e30,MixtureOfAgentsConvert,c1f96777d0,,0.0009707499999999999,6.0404744148254395,True,cuad,,False,0.0,4,6,6.034642457962036,81dd1f8073,,6,hosted_vllm/Qwen/Qwen2.5-14B-Instruct-AWQ,chain-of-thought-mixture-of-agents-aggregation,one-to-one,,,None,None,None,['hosted_vllm/Qwen/Qwen2.5-14B-Instruct-AWQ'],chain-of-thought-mixture-of-agents-proposer,None,,[0.0],None,54fa573e30,a5cbf86a11,"[""eae3597c16""]","[""cuad-17""]",50,1,a5cbf86a11,0,0.0008782499999999999,3513.0,2,9.25e-05,370.0,1-81dd1f8073
cuad-final-mab-k6-j4-budget50-seed42,behavior,MAB,42,,81dd1f8073-54fa573e30,MixtureOfAgentsConvert,c6214c30f4,,0.004143249999999999,71.21580696105957,True,cuad,,False,0.0,4,6,71.2107481956482,81dd1f8073,,7,hosted_vllm/Qwen/Qwen2.5-14B-Instruct-AWQ,chain-of-thought-mixture-of-agents-aggregation,one-to-one,,,None,None,None,['hosted_vllm/Qwen/Qwen2.5-14B-Instruct-AWQ'],chain-of-thought-mixture-of-agents-proposer,None,,[0.0],None,54fa573e30,a5cbf86a11,"[""0d88534bd5""]","[""cuad-24""]",50,1,a5cbf86a11,0,0.0033629999999999997,13452.0,2,0.0007802499999999999,3121.0,1-81dd1f8073
cuad-final-mab-k6-j4-budget50-seed42,behavior,MAB,42,,81dd1f8073-54fa573e30,MixtureOfAgentsConvert,2938662500,,0.0009707499999999999,6.125465154647827,True,cuad,,False,0.0,4,6,6.120711326599121,81dd1f8073,,8,hosted_vllm/Qwen/Qwen2.5-14B-Instruct-AWQ,chain-of-thought-mixture-of-agents-aggregation,one-to-one,,,None,None,None,['hosted_vllm/Qwen/Qwen2.5-14B-Instruct-AWQ'],chain-of-thought-mixture-of-agents-proposer,None,,[0.0],None,54fa573e30,a5cbf86a11,"[""4e150ad250""]","[""cuad-6""]",50,1,a5cbf86a11,0,0.0008782499999999999,3513.0,2,9.25e-05,370.0,1-81dd1f8073
cuad-final-mab-k6-j4-budget50-seed42,behavior,MAB,42,,81dd1f8073-7767112f4f,CriticAndRefineConvert,6d3ee336ba,,0.0,0.5220057964324951,True,cuad,,True,0.0,4,6,0.5151686668395996,81dd1f8073,hosted_vllm/Qwen/Qwen2.5-14B-Instruct-AWQ,0,,,one-to-one,hosted_vllm/meta-llama/Llama-3.1-8B-Instruct,,None,hosted_vllm/Qwen/Qwen2.5-14B-Instruct-AWQ,chain-of-thought-question,,,None,hosted_vllm/Qwen/Qwen2.5-14B-Instruct-AWQ,,None,7767112f4f,a5cbf86a11,"[""30dd551a16""]","[""cuad-15""]",50,1,a5cbf86a11,0,0.0,0.0,3,0.0,0.0,1-81dd1f8073
cuad-final-mab-k6-j4-budget50-seed42,behavior,MAB,42,,81dd1f8073-7767112f4f,CriticAndRefineConvert,fbcd8786b3,,0.00499135,107.48879313468933,True,cuad,,True,0.0,4,6,107.481858253479,81dd1f8073,hosted_vllm/Qwen/Qwen2.5-14B-Instruct-AWQ,1,,,one-to-one,hosted_vllm/meta-llama/Llama-3.1-8B-Instruct,,None,hosted_vllm/Qwen/Qwen2.5-14B-Instruct-AWQ,chain-of-thought-question,,,None,hosted_vllm/Qwen/Qwen2.5-14B-Instruct-AWQ,,None,7767112f4f,a5cbf86a11,"[""4740f75a9f""]","[""cuad-16""]",50,1,a5cbf86a11,0,0.0043498,23944.0,3,0.0006415500000000001,3967.0,1-81dd1f8073
cuad-final-mab-k6-j4-budget50-seed42,behavior,MAB,42,,81dd1f8073-7767112f4f,CriticAndRefineConvert,75caf980e8,,0.004999999999999999,160.8491609096527,True,cuad,,True,0.0,4,6,160.84024786949158,81dd1f8073,hosted_vllm/Qwen/Qwen2.5-14B-Instruct-AWQ,2,,,one-to-one,hosted_vllm/meta-llama/Llama-3.1-8B-Instruct,,None,hosted_vllm/Qwen/Qwen2.5-14B-Instruct-AWQ,chain-of-thought-question,,,None,hosted_vllm/Qwen/Qwen2.5-14B-Instruct-AWQ,,None,7767112f4f,a5cbf86a11,"[""996d1a52dd""]","[""cuad-19""]",50,1,a5cbf86a11,0,0.003459,13836.0,3,0.0015409999999999998,6164.0,1-81dd1f8073
cuad-final-mab-k6-j4-budget50-seed42,behavior,MAB,42,,81dd1f8073-7767112f4f,CriticAndRefineConvert,293466642b,,0.0059421,163.32088327407837,True,cuad,,True,0.0,4,6,163.31120705604553,81dd1f8073,hosted_vllm/Qwen/Qwen2.5-14B-Instruct-AWQ,3,,,one-to-one,hosted_vllm/meta-llama/Llama-3.1-8B-Instruct,,None,hosted_vllm/Qwen/Qwen2.5-14B-Instruct-AWQ,chain-of-thought-question,,,None,hosted_vllm/Qwen/Qwen2.5-14B-Instruct-AWQ,,None,7767112f4f,a5cbf86a11,"[""373987e09b""]","[""cuad-20""]",50,1,a5cbf86a11,0,0.0051746,27452.0,3,0.0007675,6274.0,1-81dd1f8073
cuad-final-mab-k6-j4-budget50-seed42,behavior,MAB,42,,81dd1f8073-7767112f4f,CriticAndRefineConvert,344a8fc6fd,,0.0,0.683143138885498,True,cuad,,True,0.0,4,6,0.6788365840911865,81dd1f8073,hosted_vllm/Qwen/Qwen2.5-14B-Instruct-AWQ,4,,,one-to-one,hosted_vllm/meta-llama/Llama-3.1-8B-Instruct,,None,hosted_vllm/Qwen/Qwen2.5-14B-Instruct-AWQ,chain-of-thought-question,,,None,hosted_vllm/Qwen/Qwen2.5-14B-Instruct-AWQ,,None,7767112f4f,a5cbf86a11,"[""3839095d99""]","[""cuad-9""]",50,1,a5cbf86a11,0,0.0,0.0,3,0.0,0.0,1-81dd1f8073
cuad-final-mab-k6-j4-budget50-seed42,behavior,MAB,42,,81dd1f8073-7767112f4f,CriticAndRefineConvert,acc210cbcc,,0.00708465,84.99222588539124,True,cuad,,True,0.0,4,6,84.98244619369507,81dd1f8073,hosted_vllm/Qwen/Qwen2.5-14B-Instruct-AWQ,5,,,one-to-one,hosted_vllm/meta-llama/Llama-3.1-8B-Instruct,,None,hosted_vllm/Qwen/Qwen2.5-14B-Instruct-AWQ,chain-of-thought-question,,,None,hosted_vllm/Qwen/Qwen2.5-14B-Instruct-AWQ,,None,7767112f4f,a5cbf86a11,"[""20898b20c7""]","[""cuad-7""]",50,1,a5cbf86a11,0,0.006348299999999999,35114.0,3,0.00073635,3731.0,1-81dd1f8073
cuad-final-mab-k6-j4-budget50-seed42,behavior,MAB,42,,81dd1f8073-7767112f4f,CriticAndRefineConvert,c1f96777d0,,0.0,0.8918154239654541,True,cuad,,True,0.0,4,6,0.887284517288208,81dd1f8073,hosted_vllm/Qwen/Qwen2.5-14B-Instruct-AWQ,6,,,one-to-one,hosted_vllm/meta-llama/Llama-3.1-8B-Instruct,,None,hosted_vllm/Qwen/Qwen2.5-14B-Instruct-AWQ,chain-of-thought-question,,,None,hosted_vllm/Qwen/Qwen2.5-14B-Instruct-AWQ,,None,7767112f4f,a5cbf86a11,"[""eae3597c16""]","[""cuad-17""]",50,1,a5cbf86a11,0,0.0,0.0,3,0.0,0.0,1-81dd1f8073
cuad-final-mab-k6-j4-budget50-seed42,behavior,MAB,42,,81dd1f8073-7767112f4f,CriticAndRefineConvert,c6214c30f4,,0.0051457,62.46799373626709,True,cuad,,True,0.0,4,6,62.457581520080566,81dd1f8073,hosted_vllm/Qwen/Qwen2.5-14B-Instruct-AWQ,7,,,one-to-one,hosted_vllm/meta-llama/Llama-3.1-8B-Instruct,,None,hosted_vllm/Qwen/Qwen2.5-14B-Instruct-AWQ,chain-of-thought-question,,,None,hosted_vllm/Qwen/Qwen2.5-14B-Instruct-AWQ,,None,7767112f4f,a5cbf86a11,"[""0d88534bd5""]","[""cuad-24""]",50,1,a5cbf86a11,0,0.004835,26084.0,3,0.00031069999999999996,2586.0,1-81dd1f8073
cuad-final-mab-k6-j4-budget50-seed42,behavior,MAB,42,,81dd1f8073-7767112f4f,CriticAndRefineConvert,2938662500,,0.0,1.0844194889068604,True,cuad,,True,0.0,4,6,1.0793354511260986,81dd1f8073,hosted_vllm/Qwen/Qwen2.5-14B-Instruct-AWQ,8,,,one-to-one,hosted_vllm/meta-llama/Llama-3.1-8B-Instruct,,None,hosted_vllm/Qwen/Qwen2.5-14B-Instruct-AWQ,chain-of-thought-question,,,None,hosted_vllm/Qwen/Qwen2.5-14B-Instruct-AWQ,,None,7767112f4f,a5cbf86a11,"[""4e150ad250""]","[""cuad-6""]",50,1,a5cbf86a11,0,0.0,0.0,3,0.0,0.0,1-81dd1f8073
cuad-final-mab-k6-j4-budget50-seed42,behavior,MAB,42,,81dd1f8073-c648515643,LLMConvertBonded,6d3ee336ba,,0.0,7.224358797073364,True,cuad,,True,0.0,4,6,7.1748857498168945,81dd1f8073,hosted_vllm/Qwen/Qwen2.5-14B-Instruct-AWQ,0,,,one-to-one,,,None,hosted_vllm/Qwen/Qwen2.5-14B-Instruct-AWQ,chain-of-thought-question,,,None,,,None,c648515643,a5cbf86a11,"[""30dd551a16""]","[""cuad-15""]",50,1,a5cbf86a11,0,0.0,0.0,42,0.0,0.0,1-81dd1f8073
cuad-final-mab-k6-j4-budget50-seed42,behavior,MAB,42,,81dd1f8073-c648515643,LLMConvertBonded,fbcd8786b3,,0.0017337499999999998,28.713363885879517,True,cuad,,False,0.0,4,6,28.71102213859558,81dd1f8073,hosted_vllm/Qwen/Qwen2.5-14B-Instruct-AWQ,1,,,one-to-one,,,None,hosted_vllm/Qwen/Qwen2.5-14B-Instruct-AWQ,chain-of-thought-question,,,None,,,None,c648515643,a5cbf86a11,"[""4740f75a9f""]","[""cuad-16""]",50,1,a5cbf86a11,0,0.0014399999999999999,5760.0,1,0.00029375,1175.0,1-81dd1f8073
cuad-final-mab-k6-j4-budget50-seed42,behavior,MAB,42,,81dd1f8073-c648515643,LLMConvertBonded,75caf980e8,,0.12001849999999999,361.70890164375305,True,cuad,,False,0.0,4,6,361.63897824287415,81dd1f8073,hosted_vllm/Qwen/Qwen2.5-14B-Instruct-AWQ,2,,,one-to-one,,,None,hosted_vllm/Qwen/Qwen2.5-14B-Instruct-AWQ,chain-of-thought-question,,,None,,,None,c648515643,a5cbf86a11,"[""996d1a52dd""]","[""cuad-19""]",50,1,a5cbf86a11,0,0.11645799999999998,465832.0,42,0.0035605,14242.0,1-81dd1f8073
cuad-final-mab-k6-j4-budget50-seed42,behavior,MAB,42,,81dd1f8073-c648515643,LLMConvertBonded,293466642b,,0.0020784999999999996,42.01677060127258,True,cuad,,False,0.0,4,6,42.01428484916687,81dd1f8073,hosted_vllm/Qwen/Qwen2.5-14B-Instruct-AWQ,3,,,one-to-one,,,None,hosted_vllm/Qwen/Qwen2.5-14B-Instruct-AWQ,chain-of-thought-question,,,None,,,None,c648515643,a5cbf86a11,"[""373987e09b""]","[""cuad-20""]",50,1,a5cbf86a11,0,0.0016307499999999998,6523.0,1,0.00044774999999999996,1791.0,1-81dd1f8073
cuad-final-mab-k6-j4-budget50-seed42,behavior,MAB,42,,81dd1f8073-c648515643,LLMConvertBonded,344a8fc6fd,,0.0,6.788644313812256,True,cuad,,True,0.0,4,6,6.752578973770142,81dd1f8073,hosted_vllm/Qwen/Qwen2.5-14B-Instruct-AWQ,4,,,one-to-one,,,None,hosted_vllm/Qwen/Qwen2.5-14B-Instruct-AWQ,chain-of-thought-question,,,None,,,None,c648515643,a5cbf86a11,"[""3839095d99""]","[""cuad-9""]",50,1,a5cbf86a11,0,0.0,0.0,42,0.0,0.0,1-81dd1f8073
cuad-final-mab-k6-j4-budget50-seed42,behavior,MAB,42,,81dd1f8073-c648515643,LLMConvertBonded,acc210cbcc,,0.07438849999999998,209.9839849472046,True,cuad,,False,0.0,4,6,209.918598651886,81dd1f8073,hosted_vllm/Qwen/Qwen2.5-14B-Instruct-AWQ,5,,,one-to-one,,,None,hosted_vllm/Qwen/Qwen2.5-14B-Instruct-AWQ,chain-of-thought-question,,,None,,,None,c648515643,a5cbf86a11,"[""20898b20c7""]","[""cuad-7""]",50,1,a5cbf86a11,0,0.07222150000000001,288886.0,42,0.002167,8668.0,1-81dd1f8073
cuad-final-mab-k6-j4-budget50-seed42,behavior,MAB,42,,81dd1f8073-c648515643,LLMConvertBonded,c1f96777d0,,0.0,8.15733551979065,True,cuad,,True,0.0,4,6,8.115957498550415,81dd1f8073,hosted_vllm/Qwen/Qwen2.5-14B-Instruct-AWQ,6,,,one-to-one,,,None,hosted_vllm/Qwen/Qwen2.5-14B-Instruct-AWQ,chain-of-thought-question,,,None,,,None,c648515643,a5cbf86a11,"[""eae3597c16""]","[""cuad-17""]",50,1,a5cbf86a11,0,0.0,0.0,42,0.0,0.0,1-81dd1f8073
cuad-final-mab-k6-j4-budget50-seed42,behavior,MAB,42,,81dd1f8073-c648515643,LLMConvertBonded,c6214c30f4,,0.05172925000000001,170.72199416160583,True,cuad,,False,0.0,4,6,170.64882135391235,81dd1f8073,hosted_vllm/Qwen/Qwen2.5-14B-Instruct-AWQ,7,,,one-to-one,,,None,hosted_vllm/Qwen/Qwen2.5-14B-Instruct-AWQ,chain-of-thought-question,,,None,,,None,c648515643,a5cbf86a11,"[""0d88534bd5""]","[""cuad-24""]",50,1,a5cbf86a11,0,0.0496885,198754.0,42,0.0020407500000000005,8163.0,1-81dd1f8073
cuad-final-mab-k6-j4-budget50-seed42,behavior,MAB,42,,81dd1f8073-c648515643,LLMConvertBonded,2938662500,,0.0,9.079365253448486,True,cuad,,True,0.0,4,6,9.03669261932373,81dd1f8073,hosted_vllm/Qwen/Qwen2.5-14B-Instruct-AWQ,8,,,one-to-one,,,None,hosted_vllm/Qwen/Qwen2.5-14B-Instruct-AWQ,chain-of-thought-question,,,None,,,None,c648515643,a5cbf86a11,"[""4e150ad250""]","[""cuad-6""]",50,1,a5cbf86a11,0,0.0,0.0,42,0.0,0.0,1-81dd1f8073
cuad-final-mab-k6-j4-budget50-seed42,behavior,MAB,42,,81dd1f8073-cb54eecb45,CriticAndRefineConvert,6d3ee336ba,,0.00410165,77.17682814598083,True,cuad,,False,0.0,4,6,77.16690993309021,81dd1f8073,hosted_vllm/meta-llama/Llama-3.1-8B-Instruct,0,,,one-to-one,hosted_vllm/meta-llama/Llama-3.1-8B-Instruct,,None,hosted_vllm/meta-llama/Llama-3.1-8B-Instruct,chain-of-thought-question,,,None,hosted_vllm/Qwen/Qwen2.5-14B-Instruct-AWQ,,None,cb54eecb45,a5cbf86a11,"[""30dd551a16""]","[""cuad-15""]",50,1,a5cbf86a11,0,0.0038234,29408.0,3,0.00027824999999999996,3237.0,1-81dd1f8073
cuad-final-mab-k6-j4-budget50-seed42,behavior,MAB,42,,81dd1f8073-cb54eecb45,CriticAndRefineConvert,fbcd8786b3,,0.00308095,68.64799308776855,True,cuad,,False,0.0,4,6,68.64427351951599,81dd1f8073,hosted_vllm/meta-llama/Llama-3.1-8B-Instruct,1,,,one-to-one,hosted_vllm/meta-llama/Llama-3.1-8B-Instruct,,None,hosted_vllm/meta-llama/Llama-3.1-8B-Instruct,chain-of-thought-question,,,None,hosted_vllm/Qwen/Qwen2.5-14B-Instruct-AWQ,,None,cb54eecb45,a5cbf86a11,"[""4740f75a9f""]","[""cuad-16""]",50,1,a5cbf86a11,0,0.00280375,21519.0,3,0.0002772,2752.0,1-81dd1f8073
cuad-final-mab-k6-j4-budget50-seed42,behavior,MAB,42,,81dd1f8073-cb54eecb45,CriticAndRefineConvert,75caf980e8,,0.004796699999999999,127.0566303730011,True,cuad,,True,0.0,4,6,127.04930663108826,81dd1f8073,hosted_vllm/meta-llama/Llama-3.1-8B-Instruct,2,,,one-to-one,hosted_vllm/meta-llama/Llama-3.1-8B-Instruct,,None,hosted_vllm/meta-llama/Llama-3.1-8B-Instruct,chain-of-thought-question,,,None,hosted_vllm/Qwen/Qwen2.5-14B-Instruct-AWQ,,None,cb54eecb45,a5cbf86a11,"[""996d1a52dd""]","[""cuad-19""]",50,1,a5cbf86a11,0,0.00431985,32929.0,3,0.00047685,5321.0,1-81dd1f8073
cuad-final-mab-k6-j4-budget50-seed42,behavior,MAB,42,,81dd1f8073-cb54eecb45,CriticAndRefineConvert,293466642b,,0.0029806999999999998,42.88760995864868,True,cuad,,False,0.0,4,6,42.88384222984314,81dd1f8073,hosted_vllm/meta-llama/Llama-3.1-8B-Instruct,3,,,one-to-one,hosted_vllm/meta-llama/Llama-3.1-8B-Instruct,,None,hosted_vllm/meta-llama/Llama-3.1-8B-Instruct,chain-of-thought-question,,,None,hosted_vllm/Qwen/Qwen2.5-14B-Instruct-AWQ,,None,cb54eecb45,a5cbf86a11,"[""373987e09b""]","[""cuad-20""]",50,1,a5cbf86a11,0,0.0028012,22336.0,3,0.00017949999999999997,1794.0,1-81dd1f8073
cuad-final-mab-k6-j4-budget50-seed42,behavior,MAB,42,,81dd1f8073-cb54eecb45,CriticAndRefineConvert,344a8fc6fd,,0.0047580999999999995,90.5606586933136,True,cuad,,False,0.0,4,6,90.55507183074951,81dd1f8073,hosted_vllm/meta-llama/Llama-3.1-8B-Instruct,4,,,one-to-one,hosted_vllm/meta-llama/Llama-3.1-8B-Instruct,,None,hosted_vllm/meta-llama/Llama-3.1-8B-Instruct,chain-of-thought-question,,,None,hosted_vllm/Qwen/Qwen2.5-14B-Instruct-AWQ,,None,cb54eecb45,a5cbf86a11,"[""3839095d99""]","[""cuad-9""]",50,1,a5cbf86a11,0,0.0044399,34598.0,3,0.0003182,4476.0,1-81dd1f8073
cuad-final-mab-k6-j4-budget50-seed42,behavior,MAB,42,,81dd1f8073-cb54eecb45,CriticAndRefineConvert,acc210cbcc,,0.00563485,159.54502177238464,True,cuad,,True,0.0,4,6,159.5266308784485,81dd1f8073,hosted_vllm/meta-llama/Llama-3.1-8B-Instruct,5,,,one-to-one,hosted_vllm/meta-llama/Llama-3.1-8B-Instruct,,None,hosted_vllm/meta-llama/Llama-3.1-8B-Instruct,chain-of-thought-question,,,None,hosted_vllm/Qwen/Qwen2.5-14B-Instruct-AWQ,,None,cb54eecb45,a5cbf86a11,"[""20898b20c7""]","[""cuad-7""]",50,1,a5cbf86a11,0,0.0050755999999999996,38848.0,3,0.00055925,6921.0,1-81dd1f8073
cuad-final-mab-k6-j4-budget50-seed42,behavior,MAB,42,,81dd1f8073-cb54eecb45,CriticAndRefineConvert,c1f96777d0,,0.004822,86.79747819900513,True,cuad,,False,0.0,4,6,86.78143739700317,81dd1f8073,hosted_vllm/meta-llama/Llama-3.1-8B-Instruct,6,,,one-to-one,hosted_vllm/meta-llama/Llama-3.1-8B-Instruct,,None,hosted_vllm/meta-llama/Llama-3.1-8B-Instruct,chain-of-thought-question,,,None,hosted_vllm/Qwen/Qwen2.5-14B-Instruct-AWQ,,None,cb54eecb45,a5cbf86a11,"[""eae3597c16""]","[""cuad-17""]",50,1,a5cbf86a11,0,0.0044763,34770.0,3,0.0003457,4354.0,1-81dd1f8073
cuad-final-mab-k6-j4-budget50-seed42,behavior,MAB,42,,81dd1f8073-cb54eecb45,CriticAndRefineConvert,c6214c30f4,,0.0048436,135.20123171806335,True,cuad,,True,0.0,4,6,135.18876719474792,81dd1f8073,hosted_vllm/meta-llama/Llama-3.1-8B-Instruct,7,,,one-to-one,hosted_vllm/meta-llama/Llama-3.1-8B-Instruct,,None,hosted_vllm/meta-llama/Llama-3.1-8B-Instruct,chain-of-thought-question,,,None,hosted_vllm/Qwen/Qwen2.5-14B-Instruct-AWQ,,None,cb54eecb45,a5cbf86a11,"[""0d88534bd5""]","[""cuad-24""]",50,1,a5cbf86a11,0,0.0043348499999999995,31833.0,3,0.0005087500000000001,6535.0,1-81dd1f8073
cuad-final-mab-k6-j4-budget50-seed42,behavior,MAB,42,,81dd1f8073-cb54eecb45,CriticAndRefineConvert,2938662500,,0.006064449999999999,134.215833902359,True,cuad,,True,0.0,4,6,134.20569968223572,81dd1f8073,hosted_vllm/meta-llama/Llama-3.1-8B-Instruct,8,,,one-to-one,hosted_vllm/meta-llama/Llama-3.1-8B-Instruct,,None,hosted_vllm/meta-llama/Llama-3.1-8B-Instruct,chain-of-thought-question,,,None,hosted_vllm/Qwen/Qwen2.5-14B-Instruct-AWQ,,None,cb54eecb45,a5cbf86a11,"[""4e150ad250""]","[""cuad-6""]",50,1,a5cbf86a11,0,0.00540245,40029.0,3,0.000662,6808.0,1-81dd1f8073
